year,population,kinneret_level_m,tot_water_produced_million_m3,tot_water_produced_without_desalination_million_m3,tot_water_produced_without_water_reuse_million_m3,tot_water_produced_without_water_reuse_and_desalination_million_m3,total_produced_by_wells_milion_m3,produced_by_kinneret_milion_m3,total_produced_by_upper_water_milion_m3,produced_by_effluents_milion_m3,water_desalination_mcm,ashdod_mcm_per_y,sorek_mcm_per_y,hadera_mcm_per_y,palmachim_mcm_per_y,ashkelon_mcm_per_y,total_water_consumed_milion_m3,domestic_milion_m3,industrial_milion_m3,agricultural_milion_m3,water_for_the_environment_milion_m3,other_suppliers,average_maximum_temperatue,average_minimum_temperatue,mean_annual_temperature,annual_total_wet-day_precipitation_mm,extremely_wet_days_mm,simple_daily_intensity_index_mm_per_day,drought_index,water_tarif_for_citizens_nis,desalinated_water_cost_for_goverment_nis,water_tarif_to_desalination_plants_nis,tarif_domestic_use_initial_cubic_meter_nis_per_m3,tarif_domestic_use_additional_cubic_meter_nis_per_m3,tarif_agricultural_use_treated_waternis_per_m3,tarif_agricultural_use_saline_waternis_per_m3,tarif_industrial_use_initial_ratenis_per_m3,tarif_public_gardening_base_ratenis_per_m3,tarif__public_gardening_excess_ratenis_per_m3,electricity_price_nis_per_kwh,energy_consumed_for_production_desalinated_water_kwh_fixed_price_per_m3,energy_used_per_desalinated_water_kwh,total_t.o.e._electricty_consumed,total_electricity_consumed_in_israel_kwh,grid_dependency_of_water_sector_%,backup__per__renewable_energy_fraction_%,conflict_disruption_%_supply_lost,conflict_scenario_flag_y_per_n,population_displacement_persons_or_%,conflict_severity_index_0-3,conflict_start_year_yyyy,conflict_duration_years,cyber_attack_downtime_days_per_year_or_%_time,cybersecurity_scenario_flag_y_per_n,cyber_incident_frequency_incidents_per_year,cyber_threat_level_index_0-3,attack_attempt_frequency_attempts_per_year,attack_success_probability_%,household_income_low-income_nis_per_year,affordability_threshold_%_income,new_desal_capacity_m³_per_day_or_mcm_per_year,commissioning_year_yyyy,plant_location__per__region_id,scenario_crisis_combination_label,supply_reliability_%,resilience_index_dimensionless,shortfall_severity_mcm_or_%_demand,mean_recovery_time_days,impairment_of_functional_continuity,intrusion_into_computer_systems,weaknesses_in_a_computer_system,raw_groundwater,raw_reuse,total_supply,total_demand,supply_gap
1990,4821700.0,-212.01650000000004,1939.0,,1780.0,1780.0,1126.0,153.0,501.0,159.0,,,,,,,1804.0,439.0,106.0,1216.0,,,25.89,14.33,20.11,462.4,37.0,10.3,,,,,,,,,,,,,3.5,,,,,,,,,1.0,,,,,,,,,,,,,,,,,,,,,,1627.0,159.0,1939.0,1761.0,178.0
1991,5058800.0,-212.39713692946063,1944.7,,1774.7,1774.7,1119.0,160.7,495.0,170.0,,,,,,,1484.0,515.0,106.0,939.0,,,25.61,14.6,20.1,385.4,37.9,11.0,,,,,2.32,3.42,1.1,0.36,4.97,0.36,0.96,,3.5,,,,,,,,,2.0,,,,,,,,,,,,,,,,,,,,,,1614.0,170.0,1944.7,1560.0,384.70000000000005
1992,5195900.0,-209.40668393782383,1950.4,,1769.4,1769.4,1112.0,168.4,489.0,181.0,,,,,,,1617.0,512.0,106.0,996.0,,,24.5,13.59,19.05,910.0,170.8,15.1,,,,,2.53,3.75,1.2,0.36,5.44,0.36,0.96,,3.5,,,,,,,,,1.0,,,,,,,,,,,,,,,,,,,,,,1601.0,181.0,1950.4,1614.0,336.4000000000001
1993,5327600.0,-209.1663380281692,1956.1,,1764.1,1764.1,1105.0,176.1,483.0,192.0,,,,,,,1793.0,544.0,106.0,1175.0,,,25.77,14.1,19.94,525.3,40.3,12.2,,,,,2.53,3.75,1.38,0.36,5.44,0.36,0.96,,3.5,,,,,,,,,2.0,1993.0,3.0,,,,,,,,,,,,,,,,,,,,1588.0,192.0,1956.1,1825.0,131.0999999999999
1994,5471500.0,-209.77825174825168,1961.8,,1758.8,1758.8,1098.0,183.8,477.0,203.0,,,,,,,1840.0,464.0,106.0,1190.0,,,26.07,15.03,20.55,336.3,9.5,9.1,,,,,2.53,3.75,1.5,0.36,5.44,0.36,0.96,,3.5,,,,,,,,,1.0,1993.0,3.0,,,,,,,,,,,,,,,,,,,,1575.0,203.0,1961.8,1760.0,201.79999999999995
1995,5612300.0,-209.8398013245033,1967.5,,1753.5,1753.5,1091.0,191.5,471.0,214.0,,,,,,,1983.0,602.0,106.0,1275.0,,,25.84,14.15,20.0,574.3,86.2,12.3,,,,,2.69,3.99,1.6,0.36,5.78,0.36,0.96,,3.5,,2340329.1,27218027433.0,,,,,,1.0,1993.0,3.0,,,,,,,,,,,,,,,,,,,,1562.0,214.0,1967.5,1983.0,-15.5
1996,5757900.0,-210.43891304347832,1973.2,,1748.2,1748.2,1084.0,199.2,465.0,225.0,,,,,,,2013.0,622.0,106.0,1285.0,,,26.07,14.84,20.45,439.3,20.6,9.7,,,,,2.69,3.99,1.62,0.36,5.78,0.36,0.96,,3.5,,2401044.3,27924145208.999996,,,,,,2.0,,,,,,,,,,,,,,,,,,,,,,1549.0,225.0,1973.2,2013.0,-39.799999999999955
1997,5900000.0,-211.1211510791366,1978.9,,1742.9,1742.9,1077.0,206.9,459.0,236.0,,,,,,,2008.0,638.0,106.0,1264.0,,,25.49,14.15,19.82,481.2,59.1,10.2,,,,,2.69,3.99,1.66,0.36,5.78,0.36,0.96,,3.5,,2460300.0,28613289000.0,,,,,,1.0,,,,,,,,,,,,,,,,,,,,,,1536.0,236.0,1978.9,2008.0,-29.09999999999991
1998,6041400.0,-211.48684563758388,1984.6,,1737.6,1737.6,1070.0,214.6,453.0,247.0,,,,,,,2166.0,695.0,106.0,1365.0,,,26.67,15.25,20.96,464.2,16.8,9.7,,,,,2.69,3.99,1.92,0.36,5.78,0.36,0.96,,3.5,,2519263.8,29299037993.999996,,,,,,1.0,,,,,,,,,,,,,,,,,,,,,,1523.0,247.0,1984.6,2166.0,-181.4000000000001
1999,6209100.0,-212.4154651162791,1990.3,,1732.3,1732.3,1063.0,222.3,447.0,258.0,,,,,,,2073.0,703.0,106.0,1264.0,,,26.76,15.05,20.91,215.7,5.9,8.0,,,,,3.19,4.49,2.28,0.36,6.28,0.36,0.96,,3.5,,2589194.6999999997,30112334360.999996,,,,,,1.0,,,,,,,,,,,,,,,,,,,,,,1510.0,258.0,1990.3,2073.0,-82.70000000000005
2000,6369300.0,-212.92441624365475,1996.0,,1727.0,1727.0,1056.0,230.0,441.0,269.0,,,,,,,1924.0,662.0,124.0,1138.0,,,25.84,14.58,20.21,377.7,39.5,10.7,,,,,3.19,4.49,2.44,0.36,6.28,0.36,0.96,,3.5,,2655998.1,30889257903.0,,,,,,2.0,2000.0,5.0,,,,,,,,,,,,,,,,,,,,1497.0,269.0,1996.0,1924.0,72.0
2001,6508800.0,-213.86822314049587,2013.4,,1731.2,1731.2,1021.4,264.2,441.6,282.2,,,,,,,1800.0,654.0,124.0,1022.0,,,26.76,15.2,20.98,391.2,27.3,10.2,,,,,3.53,4.85,2.5,0.36,6.67,0.36,0.96,,3.5,,2714169.6,31565792448.0,,,,,,2.0,2000.0,5.0,,,,,,,,,,,,,,,,,,,,1463.0,282.2,2009.4,1800.0,209.4000000000001
2002,6631100.0,-213.90518218623495,2030.8,,1735.4,1735.4,986.8,298.4,442.2,295.4,,,,,,,1831.0,686.0,124.0,1021.0,,,26.53,15.2,20.86,529.7,64.5,12.4,,,,,3.46,4.75,2.52,0.36,6.52,0.36,0.96,41.8,3.5,,2765168.6999999997,32158911980.999996,,,,,,2.0,2000.0,5.0,,,,,,,,,,,,,,,,,,,,1429.0,295.4,2022.8000000000002,1831.0,191.80000000000018
2003,6748400.0,-210.9824899598393,2048.2,,1739.6,1739.6,952.2,332.6,442.8,308.6,,,,,,,1860.0,691.0,124.0,1045.0,,,26.26,15.11,20.68,653.7,65.2,11.1,,,,,4.01,5.51,3.09,0.36,7.59,0.36,0.96,42.52,3.5,,2814082.8,32727782963.999996,,,,,,2.0,2000.0,5.0,,,,,,,,,,,,,,,,,,,,1395.0,308.6,2036.1999999999998,1860.0,176.19999999999982
2004,6869500.0,-209.82525270758123,2065.6,,1743.8,1743.8,917.6,366.8,443.4,321.8,,,,,,,1954.0,701.0,124.0,1129.0,,,26.27,14.74,20.5,403.5,18.7,10.5,,,,,4.1,5.65,3.15,0.36,7.78,0.36,0.96,48.2,3.5,,2864581.5,33315082845.0,,,,,,2.0,2000.0,5.0,,,,,,,,,,,,,,,,,,,,1361.0,321.8,2049.6,1954.0,95.59999999999991
2005,6990700.0,-210.59806324110664,2083.0,2063.0,1748.0,1728.0,883.0,401.0,444.0,335.0,20.0,0.0,0.0,0.0,0.0,20.0,1961.0,715.0,120.0,1126.0,,,26.11,14.76,20.43,439.4,22.7,12.4,,,14000000.0,,,,,,,,,48.8,3.5,70000000.0,2915121.9,33902867697.0,0.2064722094473269,,,,,1.0,2006.0,,,,,,,,,,,,,,,,,,,,,1327.0,335.0,2083.0,1961.0,122.0
2006,7116700.0,-211.38432170542632,2096.0,1996.0,1737.0,1637.0,986.0,242.0,409.0,359.0,100.0,0.0,0.0,0.0,0.0,100.0,1959.0,737.0,114.0,1108.0,,,25.94,14.61,20.27,410.9,27.8,10.0,,,70000000.0,,,,,,,,,47.97,3.5,350000000.0,2967663.9,34513931157.0,1.014083265125289,,,,,3.0,,,,,,,,,,,,,,,,,,,,,,1395.0,359.0,2096.0,1959.0,137.0
2007,7243600.0,-211.85499607843136,2199.0,2076.0,1812.0,1689.0,1064.0,224.0,401.0,387.0,123.0,0.0,0.0,20.0,15.0,105.0,2072.0,767.0,119.0,1186.0,,,26.3,15.09,20.7,428.1,34.1,10.5,,,98500000.0,,,,,,,,,51.86,3.5,430500000.0,3020581.1999999997,35129359356.0,1.225470682904645,,,,,1.0,2008.0,,,,,,,,,,,,,,,,,,,,,1465.0,387.0,2199.0,2072.0,127.0
2008,7412200.0,-213.0710080645162,2150.0,2008.0,1753.3333,1611.3333,988.0,205.0,379.6667,396.6667,142.0,0.0,0.0,120.0,30.0,112.0,2001.0,761.0,119.0,1121.0,,,26.73,15.11,20.92,305.6,23.1,10.3,,,180400000.0,,,,,,,,,56.29,3.5,497000000.0,3090887.4,35947020462.0,1.382590249796598,,,,,2.0,2008.0,,,,,,,,,,,,,,,,,,,,,1367.6667,396.6667,2111.3334,2001.0,110.33339999999998
2009,7552000.0,-213.92538602941187,2150.0,1980.0,1743.6667,1573.6667,912.0,186.0,358.3333,406.3333,170.0,0.0,0.0,127.0,37.0,113.0,1811.0,676.0,119.0,1016.0,,,26.61,15.32,20.97,363.8,34.1,9.6,,,191250000.0,,,,,,,,,52.08,3.5,595000000.0,3149184.0,36625009920.0,1.6245729388187429,,,,,2.0,,,,,,,,,,,,,,,,,,,,,,1270.3333,406.3333,2032.6666,1811.0,221.66660000000002
2010,7695100.0,-213.3509753086419,2020.0,1756.0,1604.0,1340.0,836.0,167.0,337.0,416.0,264.0,0.0,0.0,143.0,45.0,120.0,1919.0,689.0,130.0,1100.0,,,28.3,16.54,22.42,428.5,57.1,12.3,,,212950000.0,,,,,,,,,43.59,3.5,924000000.0,3208856.6999999997,37319003421.0,2.4759503612040468,,,,,1.0,,,,,,,,,,,,,,,,,,,,,,1173.0,416.0,2020.0,1919.0,101.0
2011,7836600.0,-213.1475561797751,2038.5,1761.5,1617.5,1340.5,738.0,196.0,325.0,421.0,277.0,0.0,0.0,126.0,46.0,120.0,1831.0,665.0,124.0,1042.0,,,25.95,14.91,20.43,373.4,46.1,9.2,,,202700000.0,,,,,,,,,49.63,3.5,969500000.0,3267862.1999999997,38005237386.0,2.550964200416059,,,,,1.0,2012.0,,,,,,,,,,,,,,,,,,,,,1063.0,421.0,1957.0,1831.0,126.0
2012,7984500.0,-212.0821961325965,2057.0,1744.0,1631.0,1318.0,802.0,193.0,323.0,426.0,313.0,0.0,40.0,85.0,48.0,121.0,1902.0,694.0,123.0,1085.0,,1.0,26.8,15.6,21.2,476.6,19.0,10.7,,,199150000.0,,,,,,,,,53.91,3.5,1095500000.0,3329536.5,38722509495.0,2.8291038320784843,0.003,,,,2.0,,,,,,,,,,0.2025709219858156,,,,,,,,,,,,1125.0,426.0,2057.0,1902.0,155.0
2013,8134500.0,-210.62489041095864,2106.0,1759.0,1643.0,1296.0,651.0,239.0,406.0,463.0,347.0,0.0,120.0,127.0,69.0,117.0,2076.1,733.7,138.3,1204.0,,1.0,26.97,15.48,21.23,494.1,97.8,13.1,,,282050000.0,,,,,,,,,55.61,3.5,1214500000.0,3392086.5,39449965995.0,3.0785831352907356,0.007,,,,1.0,2014.0,,,,,,,,,0.1709034024247164,,,,,,,,,,,,1057.0,463.0,2106.0,2076.0,30.0
2014,8296600.0,-211.84858904109623,2085.0,1724.0,1632.0,1271.0,801.0,125.0,345.0,453.0,361.0,0.0,150.0,127.0,65.0,80.0,2023.0,754.0,117.0,1122.0,30.0,1.0,27.26,15.48,21.37,353.5,82.1,15.5,,,268550000.0,,,,,,,,,,3.5,1263500000.0,3459682.1999999997,40236103986.0,3.1402145705748,0.015,,,,2.0,,,,,,,,,,,,,,,,,,,,,,1146.0,453.0,2085.0,2023.0,62.0
2015,8463400.0,-212.41819178082167,2152.0,1649.0,1676.0,1173.0,792.0,50.0,331.29425200000003,476.0,503.0,19.0,150.0,135.0,90.0,117.0,2047.0,893.0,0.0,1118.0,36.0,1.15,26.94,15.61,21.28,538.5,44.6,12.4,,,329530000.0,,,,,,,,,46.96,3.5,1760500000.0,3529237.8,41045035614.0,4.28919106455718,0.045,,,,1.0,,,,,,,,,,,,,,,,,,,,,,1123.2942520000001,476.0,2152.294252,2047.0,105.29425200000014
2016,8628600.0,-213.02143715846984,2253.0,1710.4966920000002,1741.0,1198.4966920000002,868.0,24.1411,306.684399,512.0,542.503308,89.0,150.0,127.0,80.0,104.0,2215.0,933.0,0.0,1253.0,29.0,1.3,27.58,15.77,21.68,420.4,18.8,9.5,,,343630000.0,,,,,,,,,,3.5,1898761578.0,3598126.1999999997,41846207706.0,4.537475871983857,0.05,,,,1.0,,,,,,,,,,0.1055806938159879,,,,,,,,,,,,1174.684399,512.0,2253.328807,2215.0,38.32880699999987
2017,8797900.0,-213.59405479452056,2307.0,1721.0,1787.0,1201.0,861.5,34.0,305.0,520.0,586.0,84.0,158.0,135.0,91.0,119.0,2256.0,984.0,0.0,1249.0,23.0,1.0,27.14,15.2,21.17,319.4,31.9,9.8,,,369690000.0,,,,,,,,,48.68,3.5,2051000000.0,3668724.3,42667263609.0,4.806963996555367,0.058,,,,1.0,,,,,,,,,,0.1853429910524073,,,,,,,,,,,,1166.5,520.0,2306.5,2256.0,50.5
2018,8967600.0,-213.98234794520553,2271.0,1626.0,1757.0,1112.0,769.0,18.0,325.0,514.0,645.0,100.0,173.0,155.0,95.0,122.0,2206.0,1011.0,0.0,1173.0,22.0,10.0,,,,,,,,,404110000.0,,,,,,,,,48.44,3.5,2257500000.0,3739489.2,43490259396.0,5.1908175102943455,0.078,,,,1.0,,,,,,,,,,0.0808608441287087,,,,,,,,,,,,1094.0,514.0,2271.0,2206.0,65.0
2019,9140500.0,-211.9606491712707,2318.0,1709.0,1773.0,1164.0,780.0,42.0,342.0,545.0,609.0,98.0,174.0,159.0,98.0,125.0,2238.0,1023.0,0.0,1191.0,24.0,15.7,,,,,,,,,410690000.0,,,,,,,,,49.32,3.5,2131500000.0,,64400000000.0,3.3097826086956523,0.115,,,,1.0,,,,,8600.0,,3233.0,,,0.0967741935483871,,,,,,,,,172.0,4128.0,602.0,1122.0,545.0,2318.0,2238.0,80.0
2020,9289800.0,-209.61580332409991,2400.0,1824.0,1852.0,1276.0,705.0,221.0,350.0,548.0,576.0,94.0,152.0,137.0,88.0,115.0,2254.0,1030.0,0.0,1195.0,29.0,15.7,,,,,,,,,367870000.0,,,,,,,,,46.9,3.5,2016000000.0,,67099999999.99999,3.004470938897169,0.136,,,,1.0,2021.0,,,,9100.0,,1274.0,0.627,,0.089010989010989,,,,,,,,,182.0,273.0,273.0,1055.0,548.0,2400.0,2254.0,146.0
2021,9453000.0,-209.8347388888889,2620.0,2087.0,2063.0,1530.0,927.0,218.0,385.0,557.0,533.0,87.0,131.0,132.0,78.0,104.0,2391.0,1063.0,0.0,1286.0,41.0,19.2,,,,,,,,,334360000.0,,,,,,,,,45.38,3.5,1865500000.0,,67099999999.99999,2.780178837555887,0.17,,,,2.0,2022.0,,,,11106.0,,3220.0,0.312,,0.0915303880888454,,,,,,,,,222.0,1776.0,666.0,1312.0,557.0,2620.0,2390.0,230.0
2022,9662000.0,-209.76497198879545,2605.0,2065.0,2043.0,1503.0,913.0,188.0,402.0,562.0,540.0,84.0,134.0,133.0,78.0,104.0,2344.3,1090.9,0.0,1214.6,38.8,,,,,,,,,,335010000.0,,,,,,,,,51.73,3.5,1890000000.0,,70900000000.0,2.6657263751763045,0.212,,,0.0335059396893085,2.0,2023.0,,,,9108.0,,2823.0,0.6301,,0.0862954186413902,,,,,,,,,91.0,637.0,1092.0,1315.0,562.0,2605.0,2344.3,260.6999999999998
2023,9990300.0,-210.69225290697665,2567.0,1980.4,1972.4,1385.8000000000002,924.8,159.3,301.59999999999997,594.6,586.6,86.0,156.0,139.0,90.0,119.0,2413.3,1108.2,0.0,1261.7,43.4,,,,,,,,,,371490000.0,,,,,,,,,51.34,3.5,2053100000.0,,71700000000.0,2.863458856345886,24.4,,,,3.0,2023.0,,,,13040.0,,3301.0,0.242,,,,,,,,,,,260.0,1695.0,1173.0,1226.3999999999999,594.6,2566.9,2413.3,153.5999999999999
