year,population,kinneret level (m),tot water produced (million m3),tot water produced without desalination (million m3),tot water produced without water reuse (million m3),tot water produced without water reuse and desalination (million m3),total produced by wells (milion m3),produced by Kinneret (milion m3),total produced by Upper water (milion m3),produced by Effluents (milion m3),Water desalination (mCm),Ashdod (MCM/Y),Sorek (MCM/Y),Hadera (MCM/Y),Palmachim (MCM/Y),Ashkelon (MCM/Y),total water consumed (milion m3),Domestic (milion m3),Industrial (milion m3),Agricultural (milion m3), Water for the environment (milion m3),       Other suppliers ,Average maximum temperatue,Average minimum temperatue,Mean annual temperature,Annual total wet-day precipitation (mm),Extremely wet days (mm),Simple daily intensity index (mm/day),Drought index,Water tarif for citizens (NIS),Desalinated Water cost for goverment (NIS),Water tarif to desalination plants (NIS),Tarif Domestic Use (Initial Cubic Meter) NIS/m3,Tarif Domestic Use (Additional Cubic Meter) NIS/m3,Tarif Agricultural Use (Treated Water)NIS/m3,Tarif Agricultural Use (Saline Water)NIS/m3,Tarif Industrial Use (Initial Rate)NIS/m3,Tarif Public Gardening (Base Rate)NIS/m3,Tarif  Public Gardening (Excess Rate)NIS/m3,Electricity Price (NIS/kWh),Energy consumed for production desalinated water (kWh) fixed price per m3,Energy used per desalinated water (kWh),Total t.o.e. electricty consumed ,Total electricity consumed in israel (kWh),Grid Dependency of Water Sector (%),Backup / Renewable Energy Fraction (%),Conflict Disruption (% supply lost),Conflict Scenario Flag (Y/N),Population Displacement (persons or %),Conflict Severity Index (0-3),Conflict Start Year (YYYY),Conflict Duration (years),Cyber Attack Downtime (days/year or % time),Cybersecurity Scenario Flag (Y/N),Cyber Incident Frequency (incidents/year),Cyber Threat Level Index (0-3),Attack Attempt Frequency (attempts/year),Attack Success Probability (%),"Household Income (Low-Income, NIS/year)",Affordability Threshold (% income),New Desal Capacity (m³/day or MCM/year),Commissioning Year (YYYY),Plant Location / Region (ID),Scenario Crisis Combination (label),Supply Reliability (%),Resilience Index (dimensionless),Shortfall Severity (MCM or % demand),Mean Recovery Time (days),Impairment of functional continuity,Intrusion into computer systems,Weaknesses in a computer system,total_supply,total_demand,surplus,total_supply_mcm_hist,total_demand_mcm,surplus_mcm_hist,water_desalination_mcm,capped_groundwater,produced_by_kinneret_milion_m3,capped_reuse,total_produced_by_upper_water_milion_m3,renewable_supply_mcm_hist,wsi_hist,ddr_hist,supply_per_capita,demand_per_capita,demand_mcm,desal_mcm,groundwater_mcm,surface_mcm,reuse_mcm,upper_water_mcm,total_supply_mcm_proj,renewable_supply_mcm_proj,surplus_mcm_proj,wsi_proj,ddr_proj,total_supply_mcm,renewable_supply_mcm,wsi,ddr,surplus_mcm
1990,4821700.0,-212.01650000000004,1939.0,,1780.0,1780.0,1126.0,153.0,501.0,159.0,,,,,,,1804.0,439.0,106.0,1216.0,,,25.89,14.33,20.11,462.4,37.0,10.3,,,,,,,,,,,,,3.5,,,,,,,N,,1.0,,,,,,,,,,,,,,,,,,,,,,1939.0,1761.0,178.0,1939.0,1761.0,178.0,,1126.0,153.0,159.0,501.0,1939.0,0.9082001031459516,,0.00040214032395213307,0.0003652238836924736,,,,,,,,,,,,1939.0,1939.0,0.9082001031459516,,178.0
1991,5058800.0,-212.39713692946063,1944.7,,1774.7,1774.7,1119.0,160.7,495.0,170.0,,,,,,,1484.0,515.0,106.0,939.0,,,25.61,14.6,20.1,385.4,37.9,11.0,,,,,2.32,3.42,1.1,0.36,4.97,0.36,0.96,,3.5,,,,,,,N,,2.0,,,,,,,,,,,,,,,,,,,,,,1944.7,1560.0,384.70000000000005,1944.7,1560.0,384.70000000000005,,1119.0,160.7,170.0,495.0,1944.7,0.8021802848768448,,0.0003844192298568831,0.0003083735273187317,,,,,,,,,,,,1944.7,1944.7,0.8021802848768448,,384.70000000000005
1992,5195900.0,-209.40668393782383,1950.4,,1769.4,1769.4,1112.0,168.4,489.0,181.0,,,,,,,1617.0,512.0,106.0,996.0,,,24.5,13.59,19.05,910.0,170.8,15.1,,,,,2.53,3.75,1.2,0.36,5.44,0.36,0.96,,3.5,,,,,,,N,,1.0,,,,,,,,,,,,,,,,,,,,,,1950.4,1614.0,336.4000000000001,1950.4,1614.0,336.4000000000001,,1112.0,168.4,181.0,489.0,1950.4,0.8275225594749794,,0.0003753728901633981,0.0003106295348255355,,,,,,,,,,,,1950.4,1950.4,0.8275225594749794,,336.4000000000001
1993,5327600.0,-209.1663380281692,1956.1,,1764.1,1764.1,1105.0,176.1,483.0,192.0,,,,,,,1793.0,544.0,106.0,1175.0,,,25.77,14.1,19.94,525.3,40.3,12.2,,,,,2.53,3.75,1.38,0.36,5.44,0.36,0.96,,3.5,,,,,,,Y,,2.0,1993.0,3,,,,,,,,,,,,,,,,,,,,1956.1,1825.0,131.0999999999999,1956.1,1825.0,131.0999999999999,,1105.0,176.1,192.0,483.0,1956.1,0.9329788865599918,,0.00036716345070951273,0.0003425557474284856,,,,,,,,,,,,1956.1,1956.1,0.9329788865599918,,131.0999999999999
1994,5471500.0,-209.77825174825168,1961.8,,1758.8,1758.8,1098.0,183.8,477.0,203.0,,,,,,,1840.0,464.0,106.0,1190.0,,,26.07,15.03,20.55,336.3,9.5,9.1,,,,,2.53,3.75,1.5,0.36,5.44,0.36,0.96,,3.5,,,,,,,Y,,1.0,1993.0,3,,,,,,,,,,,,,,,,,,,,1961.8,1760.0,201.79999999999995,1961.8,1760.0,201.79999999999995,,1098.0,183.8,203.0,477.0,1961.8,0.897135283922928,,0.0003585488440098693,0.0003216668189710317,,,,,,,,,,,,1961.8,1961.8,0.897135283922928,,201.79999999999995
1995,5612300.0,-209.8398013245033,1967.5,,1753.5,1753.5,1091.0,191.5,471.0,214.0,,,,,,,1183.0,602.0,106.0,1175.0,,,25.84,14.15,20.0,574.3,86.2,12.3,,,,,2.69,3.99,1.6,0.36,5.78,0.36,0.96,,3.5,,2340329.1,27218027433.0,,,,Y,,1.0,1993.0,3,,,,,,,,,,,,,,,,,,,,1967.5,1883.0,84.5,1967.5,1883.0,84.5,,1091.0,191.5,214.0,471.0,1967.5,0.9570520965692503,,0.00035056928531974413,0.00033551306950804484,,,,,,,,,,,,1967.5,1967.5,0.9570520965692503,,84.5
1996,5757900.0,-210.43891304347832,1973.2,,1748.2,1748.2,1084.0,199.2,465.0,225.0,,,,,,,1713.0,622.0,106.0,985.0,,,26.07,14.84,20.45,439.3,20.6,9.7,,,,,2.69,3.99,1.62,0.36,5.78,0.36,0.96,,3.5,,2401044.3,27924145208.999996,,,,N,,2.0,,,,,,,,,,,,,,,,,,,,,,1973.2,1713.0,260.20000000000005,1973.2,1713.0,260.20000000000005,,1084.0,199.2,225.0,465.0,1973.2,0.8681329819582404,,0.0003426943851056809,0.0002975042984421404,,,,,,,,,,,,1973.2,1973.2,0.8681329819582404,,260.20000000000005
1997,5900000.0,-211.1211510791366,1978.9,,1742.9,1742.9,1077.0,206.9,459.0,236.0,,,,,,,1608.0,638.0,106.0,864.0,,,25.49,14.15,19.82,481.2,59.1,10.2,,,,,2.69,3.99,1.66,0.36,5.78,0.36,0.96,,3.5,,2460300.0,28613289000.0,,,,N,,1.0,,,,,,,,,,,,,,,,,,,,,,1978.9,1608.0,370.9000000000001,1978.9,1608.0,370.9000000000001,,1077.0,206.9,236.0,459.0,1978.9,0.8125726413664156,,0.00033540677966101696,0.0002725423728813559,,,,,,,,,,,,1978.9,1978.9,0.8125726413664156,,370.9000000000001
1998,6041400.0,-211.48684563758388,1984.6,,1737.6,1737.6,1070.0,214.6,453.0,247.0,,,,,,,1866.0,695.0,106.0,1065.0,,,26.67,15.25,20.96,464.2,16.8,9.7,,,,,2.69,3.99,1.92,0.36,5.78,0.36,0.96,,3.5,,2519263.8,29299037993.999996,,,,N,,1.0,,,,,,,,,,,,,,,,,,,,,,1984.6,1866.0,118.59999999999991,1984.6,1866.0,118.59999999999991,,1070.0,214.6,247.0,453.0,1984.6,0.940239846820518,,0.00032850001655245474,0.00030886880524381765,,,,,,,,,,,,1984.6,1984.6,0.940239846820518,,118.59999999999991
1999,6209100.0,-212.4154651162791,1990.3,,1732.3,1732.3,1063.0,222.3,447.0,258.0,,,,,,,1973.0,703.0,106.0,1164.0,,,26.76,15.05,20.91,215.7,5.9,8.0,,,,,3.19,4.49,2.28,0.36,6.28,0.36,0.96,,3.5,,2589194.6999999997,30112334360.999996,,,,N,,1.0,,,,,,,,,,,,,,,,,,,,,,1990.3,1973.0,17.299999999999955,1990.3,1973.0,17.299999999999955,,1063.0,222.3,258.0,447.0,1990.3,0.9913078430387379,,0.0003205456507384323,0.00031775941762896394,,,,,,,,,,,,1990.3,1990.3,0.9913078430387379,,17.299999999999955
2000,6369300.0,-212.92441624365475,1996.0,,1727.0,1727.0,1056.0,230.0,441.0,269.0,,,,,,,1924.0,662.0,124.0,1138.0,,,25.84,14.58,20.21,377.7,39.5,10.7,,,,,3.19,4.49,2.44,0.36,6.28,0.36,0.96,,3.5,,2655998.1,30889257903.0,,,,Y,,2.0,2000.0,5,,,,,,,,,,,,,,,,,,,,1996.0,1924.0,72.0,1996.0,1924.0,72.0,,1056.0,230.0,269.0,441.0,1996.0,0.9639278557114228,,0.0003133782362269009,0.0003020740112728243,,,,,,,,,,,,1996.0,1996.0,0.9639278557114228,,72.0
2001,6508800.0,-213.86822314049587,2013.4,,1731.2,1731.2,1021.4,264.2,441.6,282.2,,,,,,,1800.0,654.0,124.0,1022.0,,,26.76,15.2,20.98,391.2,27.3,10.2,,,,,3.53,4.85,2.5,0.36,6.67,0.36,0.96,,3.5,,2714169.6,31565792448.0,,,,Y,,2.0,2000.0,5,,,,,,,,,,,,,,,,,,,,2009.4,1800.0,209.4000000000001,2009.4,1800.0,209.4000000000001,,1021.4,264.2,282.2,441.6,2009.4,0.8957897879964168,,0.00030872050147492627,0.0002765486725663717,,,,,,,,,,,,2009.4,2009.4,0.8957897879964168,,209.4000000000001
2002,6631100.0,-213.90518218623495,2030.8,,1735.4,1735.4,986.8,298.4,442.2,295.4,,,,,,,1831.0,686.0,124.0,1021.0,,,26.53,15.2,20.86,529.7,64.5,12.4,,,,,3.46,4.75,2.52,0.36,6.52,0.36,0.96,41.8,3.5,,2765168.6999999997,32158911980.999996,,,,Y,,2.0,2000.0,5,,,,,,,,,,,,,,,,,,,,2022.8,1831.0,191.79999999999995,2022.8,1831.0,191.79999999999995,,986.8,298.4,295.4,442.2,2022.8,0.9051809373146135,,0.00030504742802853224,0.00027612311682827885,,,,,,,,,,,,2022.8,2022.8,0.9051809373146135,,191.79999999999995
2003,6748400.0,-210.9824899598393,2048.2,,1739.6,1739.6,952.2,332.6,442.8,308.6,,,,,,,1860.0,691.0,124.0,1045.0,,,26.26,15.11,20.68,653.7,65.2,11.1,,,,,4.01,5.51,3.09,0.36,7.59,0.36,0.96,42.52,3.5,,2814082.8,32727782963.999996,,,,Y,,2.0,2000.0,5,,,,,,,"17,232 ₪",,,,,,,,,,,,,2036.2,1860.0,176.20000000000005,2036.2,1860.0,176.20000000000005,,952.2,332.6,308.6,442.8,2036.2,0.9134662606816619,,0.00030173078062948255,0.0002756208879141722,,,,,,,,,,,,2036.2,2036.2,0.9134662606816619,,176.20000000000005
2004,6869500.0,-209.82525270758123,2065.6,,1743.8,1743.8,917.6,366.8,443.4,321.8,,,,,,,1954.0,701.0,124.0,1129.0,,,26.27,14.74,20.5,403.5,18.7,10.5,,,,,4.1,5.65,3.15,0.36,7.78,0.36,0.96,48.2,3.5,,2864581.5,33315082845.0,,,,Y,,2.0,2000.0,5,,,,,,,"26,292 ₪",,,,,,,,,,,,,2049.6,1954.0,95.59999999999991,2049.6,1954.0,95.59999999999991,,917.6,366.8,321.8,443.4,2049.6,0.9533567525370804,,0.00029836232622461605,0.0002844457384089089,,,,,,,,,,,,2049.6,2049.6,0.9533567525370804,,95.59999999999991
2005,6990700.0,-210.59806324110664,2083.0,2063.0,1748.0,1728.0,883.0,401.0,444.0,335.0,20.0,0.0,0.0,0.0,0.0,20.0,1961.0,715.0,120.0,1126.0,,,26.11,14.76,20.43,439.4,22.7,12.4,,,14000000.0,,,,,,,,,48.8,3.5,70000000.0,2915121.9,33902867697.0,0.2064722094473269,,,Y,,1.0,2006.0,34 Days ,,,,,,,"30,012 ₪",,,,,,,,,,,,,2083.0,1961.0,122.0,2083.0,1961.0,122.0,20.0,883.0,401.0,335.0,444.0,2063.0,0.9505574406204557,0.009601536245799328,0.000297967299412076,0.0002805155420773313,,,,,,,,,,,,2083.0,2063.0,0.9505574406204557,0.009601536245799328,122.0
2006,7116700.0,-211.38432170542632,2096.0,1996.0,1737.0,1637.0,986.0,242.0,409.0,359.0,100.0,0.0,0.0,0.0,0.0,100.0,1959.0,737.0,114.0,1108.0,,,25.94,14.61,20.27,410.9,27.8,10.0,,,70000000.0,,,,,,,,,47.97,3.5,350000000.0,2967663.9,34513931157.0,1.014083265125289,,,N,,3.0,,,,,,,,,"34,692 ₪",,,,,,,,,,,,,2096.0,1959.0,137.0,2096.0,1959.0,137.0,100.0,986.0,242.0,359.0,409.0,1996.0,0.9814629258517034,0.04770992366412214,0.0002945185268453075,0.00027526803153146825,,,,,,,,,,,,2096.0,1996.0,0.9814629258517034,0.04770992366412214,137.0
2007,7243600.0,-211.85499607843136,2199.0,2076.0,1812.0,1689.0,1064.0,224.0,401.0,387.0,123.0,0.0,0.0,20.0,15.0,105.0,2072.0,767.0,119.0,1186.0,,,26.3,15.09,20.7,428.1,34.1,10.5,,,98500000.0,,,,,,,,,51.86,3.5,430500000.0,3020581.1999999997,35129359356.0,1.225470682904645,,,Y,,1.0,2008.0,23 DAYS,,,,,,,"32,364 ₪ ",,,,,,,,,,,,,2199.0,2072.0,127.0,2199.0,2072.0,127.0,123.0,1064.0,224.0,387.0,401.0,2076.0,0.9980732177263969,0.05593451568894952,0.0003035783312165222,0.0002860456126787785,,,,,,,,,,,,2199.0,2076.0,0.9980732177263969,0.05593451568894952,127.0
2008,7412200.0,-213.0710080645162,2150.0,2008.0,1753.3333,1611.3333,988.0,205.0,379.6667,396.6667,142.0,0.0,0.0,120.0,30.0,112.0,2001.0,761.0,119.0,1121.0,,,26.73,15.11,20.92,305.6,23.1,10.3,,,180400000.0,,,,,,,,,56.29,3.5,497000000.0,3090887.4,35947020462.0,1.382590249796598,,,Y,,2.0,2008.0,23 DAYS,,,,,,,"35,820 ₪",,,,,,,,,,,,,2111.3334,2001.0,110.33339999999998,2111.3334,2001.0,110.33339999999998,142.0,988.0,205.0,396.6667,379.6667,1969.3334,1.0160798572755634,0.06725607618389402,0.00028484571382315644,0.00026996033566282617,,,,,,,,,,,,2111.3334,1969.3334,1.0160798572755634,0.06725607618389402,110.33339999999998
2009,7552000.0,-213.92538602941187,2150.0,1980.0,1743.6667,1573.6667,912.0,186.0,358.3333,406.3333,170.0,0.0,0.0,127.0,37.0,113.0,1811.0,676.0,119.0,1016.0,,,26.61,15.32,20.97,363.8,34.1,9.6,,,191250000.0,,,,,,,,,52.08,3.5,595000000.0,3149184.0,36625009920.0,1.6245729388187429,,,N,,2.0,,,,,,,,,"32,460 ₪",,,,,,,,,,,,,2032.6666,1811.0,221.66660000000002,2032.6666,1811.0,221.66660000000002,170.0,912.0,186.0,406.3333,358.3333,1862.6666,0.9722620247767367,0.08363398109655562,0.0002691560646186441,0.0002398040254237288,,,,,,,,,,,,2032.6666,1862.6666,0.9722620247767367,0.08363398109655562,221.66660000000002
2010,7695100.0,-213.3509753086419,2020.0,1756.0,1604.0,1340.0,836.0,167.0,337.0,416.0,264.0,0.0,0.0,143.0,45.0,120.0,1919.0,689.0,130.0,1100.0,,,28.3,16.54,22.42,428.5,57.1,12.3,,,212950000.0,,,,,,,,,43.59,3.5,924000000.0,3208856.6999999997,37319003421.0,2.4759503612040468,,,N,,1.0,,,,,,,,,"35,016 ₪",,,,,,,,,,,,,2020.0,1919.0,101.0,2020.0,1919.0,101.0,264.0,836.0,167.0,416.0,337.0,1756.0,1.0928246013667426,0.1306930693069307,0.00026250471078998323,0.0002493794752504841,,,,,,,,,,,,2020.0,1756.0,1.0928246013667426,0.1306930693069307,101.0
2011,7836600.0,-213.1475561797751,2038.5,1761.5,1617.5,1340.5,738.0,196.0,325.0,421.0,277.0,0.0,0.0,126.0,46.0,120.0,1831.0,665.0,124.0,1042.0,,,25.95,14.91,20.43,373.4,46.1,9.2,,,202700000.0,,,,,,,,,49.63,3.5,969500000.0,3267862.1999999997,38005237386.0,2.550964200416059,,,Y,,1.0,2012.0,8 DAYS,,,,,,,"39,288 ₪",,,,,,,,,,,,,1957.0,1831.0,126.0,1957.0,1831.0,126.0,277.0,738.0,196.0,421.0,325.0,1680.0,1.0898809523809523,0.14154317833418498,0.0002497256463262129,0.00023364724497868973,,,,,,,,,,,,1957.0,1680.0,1.0898809523809523,0.14154317833418498,126.0
2012,7984500.0,-212.0821961325965,2057.0,1744.0,1631.0,1318.0,802.0,193.0,323.0,426.0,313.0,0.0,40.0,85.0,48.0,121.0,1902.0,694.0,123.0,1085.0,,1.0,26.8,15.6,21.2,476.6,19.0,10.7,,,199150000.0,,,,,,,,,53.91,3.5,1095500000.0,3329536.5,38722509495.0,2.8291038320784843,0.003,,N,,2.0,,,,,,,,,"27,072 ₪ ",0.2025709219858156,,,,,,,,,,,,2057.0,1903.0,154.0,2057.0,1903.0,154.0,313.0,802.0,193.0,426.0,323.0,1744.0,1.0911697247706422,0.15216334467671366,0.0002576241467843948,0.0002383367775064187,,,,,,,,,,,,2057.0,1744.0,1.0911697247706422,0.15216334467671366,154.0
2013,8134500.0,-210.62489041095864,2106.0,1759.0,1643.0,1296.0,651.0,239.0,406.0,463.0,347.0,0.0,120.0,127.0,69.0,117.0,2076.1,733.7,138.3,1204.0,,1.0,26.97,15.48,21.23,494.1,97.8,13.1,,,282050000.0,,,,,,,,,55.61,3.5,1214500000.0,3392086.5,39449965995.0,3.0785831352907356,0.007,,Y,,1.0,2014.0,59 DAYS,,,,,,,"30,684 ₪",0.1709034024247164,,,,,,,,,,,,2106.0,2077.0,29.0,2106.0,2077.0,29.0,347.0,651.0,239.0,463.0,406.0,1759.0,1.1807845366685616,0.1647673314339981,0.0002588972893232528,0.000255332226934661,,,,,,,,,,,,2106.0,1759.0,1.1807845366685616,0.1647673314339981,29.0
2014,8296600.0,-211.84858904109623,2085.0,1724.0,1632.0,1271.0,801.0,125.0,345.0,453.0,361.0,0.0,150.0,127.0,65.0,80.0,1976.0,754.0,117.0,1122.0,30.0,1.0,27.26,15.48,21.37,353.5,82.1,15.5,,,268550000.0,,,,,,,,,לא קיים ,3.5,1263500000.0,3459682.1999999997,40236103986.0,3.1402145705748,0.015,,N,,2.0,,,,,,,,,,,,,,,,,,,,,,2085.0,2024.0,61.0,2085.0,2024.0,61.0,361.0,801.0,125.0,453.0,345.0,1724.0,1.174013921113689,0.17314148681055155,0.0002513077646264735,0.00024395535520574694,,,,,,,,,,,,2085.0,1724.0,1.174013921113689,0.17314148681055155,61.0
2015,8463400.0,-212.41819178082167,2152.0,1649.0,1676.0,1173.0,792.0,50.0,331.29425200000003,476.0,503.0,19.0,150.0,135.0,90.0,117.0,1950.0,893.0,67.0,1118.0,36.0,1.15,26.94,15.61,21.28,538.5,44.6,12.4,,,329530000.0,,,,,,,,,46.96,3.5,1760500000.0,3529237.8,41045035614.0,4.28919106455718,0.045,,N,,1.0,,,,,,,,,,,,,,,,,,,,,,2152.294252,2115.15,37.14425200000005,2152.294252,2115.15,37.14425200000005,503.0,792.0,50.0,476.0,331.29425200000003,1649.2942520000001,1.2824576314596894,0.23370410413566442,0.00025430610062149967,0.00024991729092326963,,,,,,,,,,,,2152.294252,1649.2942520000001,1.2824576314596894,0.23370410413566442,37.14425200000005
2016,8628600.0,-213.02143715846984,2253.0,1710.4966920000002,1741.0,1198.4966920000002,868.0,24.1411,306.684399,512.0,542.503308,89.0,150.0,127.0,80.0,104.0,2118.0,933.0,20.0,1253.0,29.0,1.3,27.58,15.77,21.68,420.4,18.8,9.5,,,343630000.0,,,,,,,,,לא קיים ,3.5,1898761578.0,3598126.1999999997,41846207706.0,4.537475871983857,0.05,,N,,1.0,,,,,,,,,"47,736 ₪",0.1055806938159879,,,,,,,,,,,,2253.328807,2236.3,17.028806999999688,2253.328807,2236.3,17.028806999999688,542.503308,868.0,24.1411,512.0,306.684399,1710.825499,1.3071467553570757,0.240756389531215,0.0002611465135711471,0.0002591729828709177,,,,,,,,,,,,2253.328807,1710.825499,1.3071467553570757,0.240756389531215,17.028806999999688
2017,8797900.0,-213.59405479452056,2307.0,1721.0,1787.0,1201.0,861.5,34.0,305.0,520.0,586.0,84.0,158.0,135.0,91.0,119.0,2159.0,984.0,20.0,1249.0,23.0,1.0,27.14,15.2,21.17,319.4,31.9,9.8,,,369690000.0,,,,,,,,,48.68,3.5,2051000000.0,3668724.3,42667263609.0,4.806963996555367,0.058,,N,,1.0,,,,,,,,,"28,164 ₪",0.1853429910524073,,,,,,,,,,,,2306.5,2277.0,29.5,2306.5,2277.0,29.5,586.0,861.5,34.0,520.0,305.0,1720.5,1.3234524847428073,0.25406460004335574,0.0002621648347901204,0.0002588117618977256,,,,,,,,,,,,2306.5,1720.5,1.3234524847428073,0.25406460004335574,29.5
2018,8967600.0,-213.98234794520553,2271.0,1626.0,1757.0,1112.0,769.0,18.0,325.0,514.0,645.0,100.0,173.0,155.0,95.0,122.0,2109.0,1011.0,20.0,1173.0,22.0,10.0,,,,,,,,,404110000.0,,,,,,,,,48.44,3.5,2257500000.0,3739489.2,43490259396.0,5.1908175102943455,0.078,,N,,1.0,,,,,,,,,"57,432 ₪",0.0808608441287087,,,,,,,,,,,,2271.0,2236.0,35.0,2271.0,2236.0,35.0,645.0,769.0,18.0,514.0,325.0,1626.0,1.3751537515375154,0.28401585204755614,0.00025324501538873275,0.0002493420759177483,,,,,,,,,,,,2271.0,1626.0,1.3751537515375154,0.28401585204755614,35.0
2019,9140500.0,-211.9606491712707,2318.0,1709.0,1773.0,1164.0,780.0,42.0,342.0,545.0,609.0,98.0,174.0,159.0,98.0,125.0,2141.0,1023.0,20.0,1191.0,24.0,15.7,,,,,,,,,410690000.0,,,,,,,,,49.32,3.5,2131500000.0,,64400000000.0,3.3097826086956523,0.115,,N,,1.0,,,,,8600.0,,3233.0,,"53,196 ₪",0.0967741935483871,,,,,,,,,172.0,4128.0,602.0,2318.0,2273.7,44.30000000000018,2318.0,2273.7,44.30000000000018,609.0,780.0,42.0,545.0,342.0,1709.0,1.3304271503803393,0.2627264883520276,0.00025359663038127016,0.00024875006837700344,,,,,,,,,,,,2318.0,1709.0,1.3304271503803393,0.2627264883520276,44.30000000000018
2020,9289800.0,-209.61580332409991,2400.0,1824.0,1852.0,1276.0,705.0,221.0,350.0,548.0,576.0,94.0,152.0,137.0,88.0,115.0,2117.0,1030.0,20.0,1195.0,29.0,15.7,,,,,,,,,367870000.0,,,,,,,,,46.9,3.5,2016000000.0,,67099999999.99999,3.004470938897169,0.136,,Y,,1.0,2021.0,11 DAYS,,,9100.0,,1274.0,0.627,"54,600 ₪",0.089010989010989,,,,,,,,,182.0,273.0,273.0,2400.0,2289.7,110.30000000000018,2400.0,2289.7,110.30000000000018,576.0,705.0,221.0,548.0,350.0,1824.0,1.2553179824561402,0.24,0.00025834786540076214,0.00024647462808671876,,,,,,,,,,,,2400.0,1824.0,1.2553179824561402,0.24,110.30000000000018
2021,9453000.0,-209.8347388888889,2620.0,2087.0,2063.0,1530.0,927.0,218.0,385.0,557.0,533.0,87.0,131.0,132.0,78.0,104.0,2247.0,1063.0,20.0,1286.0,41.0,19.2,,,,,,,,,334360000.0,,,,,,,,,45.38,3.5,1865500000.0,,67099999999.99999,2.780178837555887,0.17,,Y,,2.0,2022.0,3 DAYS,,,11106.0,,3220.0,0.312,"49,161 ₪ ",0.0915303880888454,,,,,,,,,222.0,1776.0,666.0,2620.0,2429.2,190.80000000000018,2620.0,2429.2,190.80000000000018,533.0,927.0,218.0,557.0,385.0,2087.0,1.163967417345472,0.2034351145038168,0.00027716068972812865,0.0002569766211784618,,,,,,,,,,,,2620.0,2087.0,1.163967417345472,0.2034351145038168,190.80000000000018
2022,9662000.0,-209.76497198879545,2605.0,2065.0,2043.0,1503.0,913.0,188.0,402.0,562.0,540.0,84.0,134.0,133.0,78.0,104.0,2247.3,1090.9,20.0,1214.6,38.8,,,,,,,,,,335010000.0,,,,,,,,,51.73,3.5,1890000000.0,,70900000000.0,2.6657263751763045,0.212,,Y,0.0335059396893085,2.0,2023.0,counting,,,9108.0,,2823.0,0.6301,"60,768 ₪",0.0862954186413902,,,,,,,,,91.0,637.0,1092.0,2605.0,2364.3,240.69999999999982,2605.0,2364.3,240.69999999999982,540.0,913.0,188.0,562.0,402.0,2065.0,1.1449394673123487,0.2072936660268714,0.00026961291658041814,0.0002447008900848686,,,,,,,,,,,,2605.0,2065.0,1.1449394673123487,0.2072936660268714,240.69999999999982
2023,9990300.0,-210.69225290697665,2567.0,1980.4,1972.4,1385.8000000000002,924.8,159.3,301.59999999999997,594.6,586.6,86.0,156.0,139.0,90.0,119.0,2366.3,1108.2,70.0,1261.7,43.4,,,,,,,,,,371490000.0,,,,,,,,,51.34,3.5,2053100000.0,,71700000000.0,2.863458856345886,24.4,,Y,,3.0,2023.0,counting ,,,13040.0,,3301.0,0.242,,,,,,,,,,,260.0,1695.0,1173.0,2566.9,2483.3,83.59999999999991,2566.9,2483.3,83.59999999999991,586.6,924.8,159.3,594.6,301.59999999999997,1980.2999999999997,1.2540019189011768,0.22852467957458414,0.00025693923105412253,0.00024857111398056116,,,,,,,,,,,,2566.9,1980.2999999999997,1.2540019189011768,0.22852467957458414,83.59999999999991
2024,,,,,,,,,,,,,,,,,,,,,,,,,,,,,,,,,,,,,,,,,,,,,,,,,,,,,,,,,,,,,,,,,,,,,,,,,2474.4719800000003,,,,,586.6,1075.6,159.3,604.6,150.79999999999998,,,,,,2474.4719800000003,586.6,1075.6,159.3,604.6,150.79999999999998,2576.9,1990.3,102.42801999999983,1.2432658292719692,0.22763785944351742,2576.9,1990.3,1.2432658292719692,0.22763785944351742,102.42801999999983
2025,,,,,,,,,,,,,,,,,,,,,,,,,,,,,,,,,,,,,,,,,,,,,,,,,,,,,,,,,,,,,,,,,,,,,,,,,2465.64396,,,,,586.6,1226.4,159.3,614.6,,,,,,,2465.64396,586.6,1226.4,159.3,614.6,,2586.9,2000.3000000000002,121.25604000000021,1.2326370844373342,0.2267578955506591,2586.9,2000.3000000000002,1.2326370844373342,0.2267578955506591,121.25604000000021
2026,,,,,,,,,,,,,,,,,,,,,,,,,,,,,,,,,,,,,,,,,,,,,,,,,,,,,,,,,,,,,,,,,,,,,,,,,2514.9568392,,,,,586.6,1226.4,159.3,614.6,,,,,,,2514.9568392,586.6,1226.4,159.3,614.6,,2586.9,2000.3000000000002,71.94316079999999,1.257289826126081,0.2267578955506591,2586.9,2000.3000000000002,1.257289826126081,0.2267578955506591,71.94316079999999
2027,,,,,,,,,,,,,,,,,,,,,,,,,,,,,,,,,,,,,,,,,,,,,,,,,,,,,,,,,,,,,,,,,,,,,,,,,2565.255975984,,,,,586.6,1226.4,159.3,614.6,,,,,,,2565.255975984,586.6,1226.4,159.3,614.6,,2586.9,2000.3000000000002,21.644024016000003,1.2824356226486027,0.2267578955506591,2586.9,2000.3000000000002,1.2824356226486027,0.2267578955506591,21.644024016000003
2028,,,,,,,,,,,,,,,,,,,,,,,,,,,,,,,,,,,,,,,,,,,,,,,,,,,,,,,,,,,,,,,,,,,,,,,,,2616.56109550368,,,,,586.6,1226.4,159.3,614.6,,,,,,,2616.56109550368,586.6,1226.4,159.3,614.6,,2586.9,2000.3000000000002,-29.661095503679917,1.3080843351015747,0.2267578955506591,2586.9,2000.3000000000002,1.3080843351015747,0.2267578955506591,-29.661095503679917
2029,,,,,,,,,,,,,,,,,,,,,,,,,,,,,,,,,,,,,,,,,,,,,,,,,,,,,,,,,,,,,,,,,,,,,,,,,2668.8923174137535,,,,,586.6,1226.4,159.3,614.6,,,,,,,2668.8923174137535,586.6,1226.4,159.3,614.6,,2586.9,2000.3000000000002,-81.99231741375343,1.334246021803606,0.2267578955506591,2586.9,2000.3000000000002,1.334246021803606,0.2267578955506591,-81.99231741375343
2030,,,,,,,,,,,,,,,,,,,,,,,,,,,,,,,,,,,,,,,,,,,,,,,,,,,,,,,,,,,,,,,,,,,,,,,,,2722.2701637620285,,,,,686.6,1226.4,159.3,644.6,,,,,,,2722.2701637620285,686.6,1226.4,159.3,644.6,,2716.9,2030.3000000000002,-5.370163762028369,1.3408216341240349,0.252714490779933,2716.9,2030.3000000000002,1.3408216341240349,0.252714490779933,-5.370163762028369
2031,,,,,,,,,,,,,,,,,,,,,,,,,,,,,,,,,,,,,,,,,,,,,,,,,,,,,,,,,,,,,,,,,,,,,,,,,2776.715567037269,,,,,686.6,1226.4,159.3,644.6,,,,,,,2776.715567037269,686.6,1226.4,159.3,644.6,,2716.9,2030.3000000000002,-59.81556703726892,1.3676380668065156,0.252714490779933,2716.9,2030.3000000000002,1.3676380668065156,0.252714490779933,-59.81556703726892
2032,,,,,,,,,,,,,,,,,,,,,,,,,,,,,,,,,,,,,,,,,,,,,,,,,,,,,,,,,,,,,,,,,,,,,,,,,2832.2498783780143,,,,,686.6,1226.4,159.3,644.6,,,,,,,2832.2498783780143,686.6,1226.4,159.3,644.6,,2716.9,2030.3000000000002,-115.34987837801418,1.394990828142646,0.252714490779933,2716.9,2030.3000000000002,1.394990828142646,0.252714490779933,-115.34987837801418
2033,,,,,,,,,,,,,,,,,,,,,,,,,,,,,,,,,,,,,,,,,,,,,,,,,,,,,,,,,,,,,,,,,,,,,,,,,2888.8948759455748,,,,,686.6,1226.4,159.3,644.6,,,,,,,2888.8948759455748,686.6,1226.4,159.3,644.6,,2716.9,2030.3000000000002,-171.99487594557468,1.422890644705499,0.252714490779933,2716.9,2030.3000000000002,1.422890644705499,0.252714490779933,-171.99487594557468
2034,,,,,,,,,,,,,,,,,,,,,,,,,,,,,,,,,,,,,,,,,,,,,,,,,,,,,,,,,,,,,,,,,,,,,,,,,2946.6727734644865,,,,,686.6,1226.4,159.3,644.6,,,,,,,2946.6727734644865,686.6,1226.4,159.3,644.6,,2716.9,2030.3000000000002,-229.77277346448636,1.451348457599609,0.252714490779933,2716.9,2030.3000000000002,1.451348457599609,0.252714490779933,-229.77277346448636
2035,,,,,,,,,,,,,,,,,,,,,,,,,,,,,,,,,,,,,,,,,,,,,,,,,,,,,,,,,,,,,,,,,,,,,,,,,3005.606228933776,,,,,886.6,1226.4,159.3,694.6,,,,,,,3005.606228933776,886.6,1226.4,159.3,694.6,,2966.9,2080.3,-38.70622893377595,1.4447946108415977,0.2988304290673767,2966.9,2080.3,1.4447946108415977,0.2988304290673767,-38.70622893377595
2036,,,,,,,,,,,,,,,,,,,,,,,,,,,,,,,,,,,,,,,,,,,,,,,,,,,,,,,,,,,,,,,,,,,,,,,,,3065.718353512452,,,,,886.6,1226.4,159.3,694.6,,,,,,,3065.718353512452,886.6,1226.4,159.3,694.6,,2966.9,2080.3,-98.81835351245172,1.4736905030584297,0.2988304290673767,2966.9,2080.3,1.4736905030584297,0.2988304290673767,-98.81835351245172
2037,,,,,,,,,,,,,,,,,,,,,,,,,,,,,,,,,,,,,,,,,,,,,,,,,,,,,,,,,,,,,,,,,,,,,,,,,3127.0327205827007,,,,,886.6,1226.4,159.3,694.6,,,,,,,3127.0327205827007,886.6,1226.4,159.3,694.6,,2966.9,2080.3,-160.13272058270059,1.5031643131195984,0.2988304290673767,2966.9,2080.3,1.5031643131195984,0.2988304290673767,-160.13272058270059
2038,,,,,,,,,,,,,,,,,,,,,,,,,,,,,,,,,,,,,,,,,,,,,,,,,,,,,,,,,,,,,,,,,,,,,,,,,3189.5733749943547,,,,,886.6,1226.4,159.3,694.6,,,,,,,3189.5733749943547,886.6,1226.4,159.3,694.6,,2966.9,2080.3,-222.67337499435462,1.5332275993819904,0.2988304290673767,2966.9,2080.3,1.5332275993819904,0.2988304290673767,-222.67337499435462
2039,,,,,,,,,,,,,,,,,,,,,,,,,,,,,,,,,,,,,,,,,,,,,,,,,,,,,,,,,,,,,,,,,,,,,,,,,3253.3648424942417,,,,,886.6,1226.4,159.3,694.6,,,,,,,3253.3648424942417,886.6,1226.4,159.3,694.6,,2966.9,2080.3,-286.46484249424157,1.56389215136963,0.2988304290673767,2966.9,2080.3,1.56389215136963,0.2988304290673767,-286.46484249424157
2040,,,,,,,,,,,,,,,,,,,,,,,,,,,,,,,,,,,,,,,,,,,,,,,,,,,,,,,,,,,,,,,,,,,,,,,,,3318.4321393441264,,,,,1086.6,1226.4,159.3,774.6,,,,,,,3318.4321393441264,1086.6,1226.4,159.3,774.6,,3246.9,2160.3,-71.53213934412634,1.5360978287016276,0.334657673473159,3246.9,2160.3,1.5360978287016276,0.334657673473159,-71.53213934412634
2041,,,,,,,,,,,,,,,,,,,,,,,,,,,,,,,,,,,,,,,,,,,,,,,,,,,,,,,,,,,,,,,,,,,,,,,,,3384.800782131009,,,,,1086.6,1226.4,159.3,774.6,,,,,,,3384.800782131009,1086.6,1226.4,159.3,774.6,,3246.9,2160.3,-137.90078213100878,1.5668197852756602,0.334657673473159,3246.9,2160.3,1.5668197852756602,0.334657673473159,-137.90078213100878
2042,,,,,,,,,,,,,,,,,,,,,,,,,,,,,,,,,,,,,,,,,,,,,,,,,,,,,,,,,,,,,,,,,,,,,,,,,3452.496797773629,,,,,1086.6,1226.4,159.3,774.6,,,,,,,3452.496797773629,1086.6,1226.4,159.3,774.6,,3246.9,2160.3,-205.59679777362908,1.5981561809811733,0.334657673473159,3246.9,2160.3,1.5981561809811733,0.334657673473159,-205.59679777362908
2043,,,,,,,,,,,,,,,,,,,,,,,,,,,,,,,,,,,,,,,,,,,,,,,,,,,,,,,,,,,,,,,,,,,,,,,,,3521.546733729102,,,,,1086.6,1226.4,159.3,774.6,,,,,,,3521.546733729102,1086.6,1226.4,159.3,774.6,,3246.9,2160.3,-274.6467337291019,1.630119304600797,0.334657673473159,3246.9,2160.3,1.630119304600797,0.334657673473159,-274.6467337291019
2044,,,,,,,,,,,,,,,,,,,,,,,,,,,,,,,,,,,,,,,,,,,,,,,,,,,,,,,,,,,,,,,,,,,,,,,,,3591.977668403684,,,,,1086.6,1226.4,159.3,774.6,,,,,,,3591.977668403684,1086.6,1226.4,159.3,774.6,,3246.9,2160.3,-345.07766840368413,1.662721690692813,0.334657673473159,3246.9,2160.3,1.662721690692813,0.334657673473159,-345.07766840368413
2045,,,,,,,,,,,,,,,,,,,,,,,,,,,,,,,,,,,,,,,,,,,,,,,,,,,,,,,,,,,,,,,,,,,,,,,,,3663.817221771758,,,,,1386.6,1226.4,159.3,874.6,,,,,,,3663.817221771758,1386.6,1226.4,159.3,874.6,,3646.9,2260.3,-16.917221771757795,1.6209428933202485,0.380213331870904,3646.9,2260.3,1.6209428933202485,0.380213331870904,-16.917221771757795
2046,,,,,,,,,,,,,,,,,,,,,,,,,,,,,,,,,,,,,,,,,,,,,,,,,,,,,,,,,,,,,,,,,,,,,,,,,3737.093566207193,,,,,1386.6,1226.4,159.3,874.6,,,,,,,3737.093566207193,1386.6,1226.4,159.3,874.6,,3646.9,2260.3,-90.19356620719282,1.6533617511866534,0.380213331870904,3646.9,2260.3,1.6533617511866534,0.380213331870904,-90.19356620719282
2047,,,,,,,,,,,,,,,,,,,,,,,,,,,,,,,,,,,,,,,,,,,,,,,,,,,,,,,,,,,,,,,,,,,,,,,,,3811.835437531337,,,,,1386.6,1226.4,159.3,874.6,,,,,,,3811.835437531337,1386.6,1226.4,159.3,874.6,,3646.9,2260.3,-164.9354375313369,1.6864289862103865,0.380213331870904,3646.9,2260.3,1.6864289862103865,0.380213331870904,-164.9354375313369
2048,,,,,,,,,,,,,,,,,,,,,,,,,,,,,,,,,,,,,,,,,,,,,,,,,,,,,,,,,,,,,,,,,,,,,,,,,3888.072146281964,,,,,1386.6,1226.4,159.3,874.6,,,,,,,3888.072146281964,1386.6,1226.4,159.3,874.6,,3646.9,2260.3,-241.1721462819637,1.7201575659345942,0.380213331870904,3646.9,2260.3,1.7201575659345942,0.380213331870904,-241.1721462819637
2049,,,,,,,,,,,,,,,,,,,,,,,,,,,,,,,,,,,,,,,,,,,,,,,,,,,,,,,,,,,,,,,,,,,,,,,,,3965.833589207603,,,,,1386.6,1226.4,159.3,874.6,,,,,,,3965.833589207603,1386.6,1226.4,159.3,874.6,,3646.9,2260.3,-318.93358920760284,1.7545607172532862,0.380213331870904,3646.9,2260.3,1.7545607172532862,0.380213331870904,-318.93358920760284
2050,,,,,,,,,,,,,,,,,,,,,,,,,,,,,,,,,,,,,,,,,,,,,,,,,,,,,,,,,,,,,,,,,,,,,,,,,4045.150260991755,,,,,1986.6,1226.4,159.3,1024.6,,,,,,,4045.150260991755,1986.6,1226.4,159.3,1024.6,,4396.9,2410.3,351.74973900824443,1.6782766713652886,0.45181832654824994,4396.9,2410.3,1.6782766713652886,0.45181832654824994,351.74973900824443
