name,supply_reduction,wsi_increase,gap_change,optimistic_count,moderate_count,pessimistic_count,total_pessimistic,total_moderate,total_optimistic
Drought(Optimistic)+Energy(Optimistic),11.464168721704876,0.21622485105511302,-311.4699999999998,2,0,0,0,0,2
Drought(Optimistic)+Energy(Moderate),13.991313629504218,0.21622485105511302,-380.1300000000001,1,1,0,0,1,1
Drought(Optimistic)+Energy(Pessimistic),17.782030991203204,0.21622485105511302,-483.11999999999995,1,0,1,1,0,1
Drought(Moderate)+Energy(Optimistic),21.664764989510108,0.5136471861841736,-588.6100000000001,1,1,0,0,1,1
Drought(Moderate)+Energy(Moderate),24.191909897309433,0.5136471861841736,-657.27,0,2,0,0,2,0
Drought(Moderate)+Energy(Pessimistic),27.98262725900843,0.5136471861841736,-760.2600000000002,0,1,1,1,1,0
Drought(Pessimistic)+Energy(Optimistic),31.86536125731531,0.9485772384453368,-865.75,1,0,1,1,0,1
Drought(Pessimistic)+Energy(Moderate),34.39250616511464,0.9485772384453368,-934.4099999999999,0,1,1,1,1,0
Drought(Pessimistic)+Energy(Pessimistic),38.18322352681365,0.9485772384453368,-1037.4,0,0,2,2,0,0
Drought(Optimistic)+Conflict(Optimistic),23.67050682763443,0.43426353129899864,-551.4604082990493,2,0,0,0,0,2
Drought(Optimistic)+Conflict(Moderate),37.14041738746366,0.657493608691549,-717.4747536787943,1,1,0,0,1,1
Drought(Optimistic)+Conflict(Pessimistic),64.08023850712209,1.6616628969026668,-1088.382543947777,1,0,1,1,0,1
Drought(Moderate)+Conflict(Optimistic),32.34101365526888,0.772625176087,-787.0294082990497,1,1,0,0,1,1
Drought(Moderate)+Conflict(Moderate),44.28083477492731,1.0377693086065622,-911.4727536787942,0,2,0,0,2,0
Drought(Moderate)+Conflict(Pessimistic),68.16047701424417,2.230483112836996,-1199.238543947777,0,1,1,1,1,0
Drought(Pessimistic)+Conflict(Optimistic),41.01152048290331,1.2674220708358772,-1022.5984082990498,1,0,1,1,0,1
Drought(Pessimistic)+Conflict(Moderate),51.421252162390964,1.5938584468547645,-1105.4707536787946,0,1,1,1,1,0
Drought(Pessimistic)+Conflict(Pessimistic),72.24071552136625,3.0622868377864707,-1310.0945439477773,0,0,2,2,0,0
Drought(Optimistic)+Cyber(Optimistic),14.865986970444247,0.33249917071516055,-403.8939999999998,2,0,0,0,0,2
Drought(Optimistic)+Cyber(Moderate),20.289521145423077,0.46719564316049333,-551.2459999999996,1,1,0,0,1,1
Drought(Optimistic)+Cyber(Pessimistic),34.791122234900065,1.0392477275754317,-945.2399999999999,1,0,1,1,0,1
Drought(Moderate)+Cyber(Optimistic),24.556553424859217,0.6592640579116213,-667.1770000000001,1,1,0,0,1,1
Drought(Moderate)+Cyber(Moderate),29.47005778644779,0.8293119669458988,-800.672,0,2,0,0,2,0
Drought(Moderate)+Cyber(Pessimistic),42.44156943575398,1.5682031348714294,-1153.0950000000003,0,1,1,1,1,0
Drought(Pessimistic)+Cyber(Optimistic),34.24711987927418,1.1415022863491087,-930.46,1,0,1,1,0,1
Drought(Pessimistic)+Cyber(Moderate),38.65059442747247,1.369483248438893,-1050.098,0,1,1,1,1,0
Drought(Pessimistic)+Cyber(Pessimistic),50.092016636607894,2.3951112153927463,-1360.95,0,0,2,2,0,0
Energy(Optimistic)+Conflict(Optimistic),16.074036585814724,0.18827596545159375,-345.0719082990498,2,0,0,0,0,2
Energy(Optimistic)+Conflict(Moderate),30.884500717729768,0.38103469198536866,-547.5077536787944,1,1,0,0,1,1
Energy(Optimistic)+Conflict(Pessimistic),60.50542898155986,1.2481328692597635,-991.258543947777,1,0,1,1,0,1
Energy(Moderate)+Conflict(Optimistic),18.222109757444148,0.18827596545159375,-403.4329082990497,1,1,0,0,1,1
Energy(Moderate)+Conflict(Moderate),32.653502153189294,0.38103469198536866,-595.5697536787943,0,2,0,0,2,0
Energy(Moderate)+Conflict(Pessimistic),61.516286944679585,1.2481328692597635,-1018.7225439477769,0,1,1,1,1,0
Energy(Pessimistic)+Conflict(Optimistic),21.44421951488829,0.18827596545159375,-490.97440829904946,1,0,1,1,0,1
Energy(Pessimistic)+Conflict(Moderate),35.307004306378595,0.38103469198536866,-667.6627536787944,0,1,1,1,1,0
Energy(Pessimistic)+Conflict(Pessimistic),63.0325738893592,1.2481328692597635,-1059.9185439477772,0,0,2,2,0,0
Energy(Optimistic)+Cyber(Optimistic),6.426357245389975,0.09645840150710017,-174.59770000000026,2,0,0,0,0,2
Energy(Optimistic)+Cyber(Moderate),12.309378335603064,0.2075534671011603,-334.43349999999964,1,1,0,0,1,1
Energy(Optimistic)+Cyber(Pessimistic),28.27789024255587,0.671790623617128,-768.2820000000002,1,0,1,1,0,1
Energy(Moderate)+Cyber(Optimistic),8.928230704111307,0.09645840150710017,-242.5711000000001,1,1,0,0,1,1
Energy(Moderate)+Cyber(Moderate),14.710165998012423,0.2075534671011603,-399.6604999999995,0,2,0,0,2,0
Energy(Moderate)+Cyber(Pessimistic),30.552320659575262,0.671790623617128,-830.0760000000001,0,1,1,1,1,0
Energy(Pessimistic)+Cyber(Optimistic),12.681040892193321,0.09645840150710017,-344.53120000000035,1,0,1,1,0,1
Energy(Pessimistic)+Cyber(Moderate),18.311347491626474,0.2075534671011603,-497.5009999999998,0,1,1,1,1,0
Energy(Pessimistic)+Cyber(Pessimistic),33.96396628510435,0.671790623617128,-922.7669999999999,0,0,2,2,0,0
Conflict(Optimistic)+Cyber(Optimistic),19.399107438624917,0.2980115822249654,-435.4107582990499,2,0,0,0,0,2
Conflict(Optimistic)+Cyber(Moderate),24.44263682873863,0.4243985568478552,-572.4384082990493,1,1,0,0,1,1
Conflict(Optimistic)+Cyber(Pessimistic),38.06957377893924,0.9525365925548439,-942.6686582990494,1,0,1,1,0,1
Conflict(Moderate)+Cyber(Optimistic),33.62279436122051,0.504363648198018,-621.9044536787944,1,1,0,0,1,1
Conflict(Moderate)+Cyber(Moderate),37.776289153078885,0.6464066249218516,-734.7507536787944,0,2,0,0,2,0
Conflict(Moderate)+Cyber(Pessimistic),48.99847252383231,1.239966989324411,-1039.6462536787944,0,1,1,1,1,0
Conflict(Pessimistic)+Cyber(Optimistic),62.070168206411715,1.432609562142093,-1033.7709439477771,1,0,1,1,0,1
Conflict(Pessimistic)+Cyber(Moderate),64.44359380175936,1.6450788750907328,-1098.2545439477772,0,1,1,1,1,0
Conflict(Pessimistic)+Cyber(Pessimistic),70.85627001361846,2.5329324369275206,-1272.4805439477773,0,0,2,2,0,0
Drought(Optimistic)+Energy(Optimistic)+Conflict(Optimistic),24.744543413449158,0.43426353129899864,-580.6409082990497,3,0,0,0,0,3
Drought(Optimistic)+Energy(Optimistic)+Conflict(Moderate),38.024918105193414,0.657493608691549,-741.5057536787942,2,1,0,0,1,2
Drought(Optimistic)+Energy(Optimistic)+Conflict(Pessimistic),64.58566748868195,1.6616628969026668,-1102.1145439477773,2,0,1,1,0,2
Drought(Optimistic)+Energy(Moderate)+Conflict(Optimistic),26.89261658507858,0.43426353129899864,-639.0019082990495,2,1,0,0,1,2
Drought(Optimistic)+Energy(Moderate)+Conflict(Moderate),39.793919540652944,0.657493608691549,-789.5677536787944,1,2,0,0,2,1
Drought(Optimistic)+Energy(Moderate)+Conflict(Pessimistic),65.59652545180168,1.6616628969026668,-1129.5785439477772,1,1,1,1,1,1
Drought(Optimistic)+Energy(Pessimistic)+Conflict(Optimistic),30.11472634252271,0.43426353129899864,-726.5434082990494,2,0,1,1,0,2
Drought(Optimistic)+Energy(Pessimistic)+Conflict(Moderate),42.44742169384225,0.657493608691549,-861.6607536787943,1,1,1,1,1,1
Drought(Optimistic)+Energy(Pessimistic)+Conflict(Pessimistic),67.11281239648127,1.6616628969026668,-1170.7745439477771,1,0,2,2,0,1
Drought(Moderate)+Energy(Optimistic)+Conflict(Optimistic),33.4150502410836,0.772625176087,-816.2099082990496,2,1,0,0,1,2
Drought(Moderate)+Energy(Optimistic)+Conflict(Moderate),45.16533549265708,1.0377693086065622,-935.5037536787945,1,2,0,0,2,1
Drought(Moderate)+Energy(Optimistic)+Conflict(Pessimistic),68.66590599580404,2.230483112836996,-1212.9705439477775,1,1,1,1,1,1
Drought(Moderate)+Energy(Moderate)+Conflict(Optimistic),35.56312341271301,0.772625176087,-874.5709082990495,1,2,0,0,2,1
Drought(Moderate)+Energy(Moderate)+Conflict(Moderate),46.93433692811661,1.0377693086065622,-983.5657536787943,0,3,0,0,3,0
Drought(Moderate)+Energy(Moderate)+Conflict(Pessimistic),69.67676395892379,2.230483112836996,-1240.4345439477775,0,2,1,1,2,0
Drought(Moderate)+Energy(Pessimistic)+Conflict(Optimistic),38.785233170157184,0.772625176087,-962.1124082990498,1,1,1,1,1,1
Drought(Moderate)+Energy(Pessimistic)+Conflict(Moderate),49.58783908130591,1.0377693086065622,-1055.6587536787947,0,2,1,1,2,0
Drought(Moderate)+Energy(Pessimistic)+Conflict(Pessimistic),71.19305090360338,2.230483112836996,-1281.6305439477774,0,1,2,2,1,0
Drought(Pessimistic)+Energy(Optimistic)+Conflict(Optimistic),42.085557068718025,1.2674220708358772,-1051.7789082990498,2,0,1,1,0,2
Drought(Pessimistic)+Energy(Optimistic)+Conflict(Moderate),52.30575288012073,1.5938584468547645,-1129.5017536787946,1,1,1,1,1,1
Drought(Pessimistic)+Energy(Optimistic)+Conflict(Pessimistic),72.74614450292613,3.0622868377864707,-1323.8265439477773,1,0,2,2,0,1
Drought(Pessimistic)+Energy(Moderate)+Conflict(Optimistic),44.23363024034745,1.2674220708358772,-1110.1399082990497,1,1,1,1,1,1
Drought(Pessimistic)+Energy(Moderate)+Conflict(Moderate),54.074754315580265,1.5938584468547645,-1177.5637536787945,0,2,1,1,2,0
Drought(Pessimistic)+Energy(Moderate)+Conflict(Pessimistic),73.75700246604586,3.0622868377864707,-1351.2905439477772,0,1,2,2,1,0
Drought(Pessimistic)+Energy(Pessimistic)+Conflict(Optimistic),47.4557399977916,1.2674220708358772,-1197.6814082990497,1,0,2,2,0,1
Drought(Pessimistic)+Energy(Pessimistic)+Conflict(Moderate),56.72825646876956,1.5938584468547645,-1249.6567536787943,0,1,2,2,1,0
Drought(Pessimistic)+Energy(Pessimistic)+Conflict(Pessimistic),75.27328941072545,3.0622868377864707,-1392.4865439477771,0,0,3,3,0,0
Drought(Optimistic)+Energy(Optimistic)+Cyber(Optimistic),16.11692369980493,0.33249917071516055,-437.88070000000016,3,0,0,0,0,3
Drought(Optimistic)+Energy(Optimistic)+Cyber(Moderate),21.489914976627773,0.46719564316049333,-583.8595,2,1,0,0,1,2
Drought(Optimistic)+Energy(Optimistic)+Cyber(Pessimistic),35.92833744340977,1.0392477275754317,-976.1369999999998,2,0,1,1,0,2
Drought(Optimistic)+Energy(Moderate)+Cyber(Optimistic),18.618797158526263,0.33249917071516055,-505.8541000000001,2,1,0,0,1,2
Drought(Optimistic)+Energy(Moderate)+Cyber(Moderate),23.890702639037134,0.46719564316049333,-649.0864999999999,1,2,0,0,2,1
Drought(Optimistic)+Energy(Moderate)+Cyber(Pessimistic),38.20276786042916,1.0392477275754317,-1037.931,1,1,1,1,1,1
Drought(Optimistic)+Energy(Pessimistic)+Cyber(Optimistic),22.371607346608258,0.33249917071516055,-607.8141999999998,2,0,1,1,0,2
Drought(Optimistic)+Energy(Pessimistic)+Cyber(Moderate),27.49188413265118,0.46719564316049333,-746.9269999999998,1,1,1,1,1,1
Drought(Optimistic)+Energy(Pessimistic)+Cyber(Pessimistic),41.61441348595826,1.0392477275754317,-1130.6220000000003,1,0,2,2,0,1
Drought(Moderate)+Energy(Optimistic)+Cyber(Optimistic),25.80749015421989,0.6592640579116213,-701.1637000000001,2,1,0,0,1,2
Drought(Moderate)+Energy(Optimistic)+Cyber(Moderate),30.67045161765248,0.8293119669458988,-833.2855000000001,1,2,0,0,2,1
Drought(Moderate)+Energy(Optimistic)+Cyber(Pessimistic),43.57878464426368,1.5682031348714294,-1183.9920000000002,1,1,1,1,1,1
Drought(Moderate)+Energy(Moderate)+Cyber(Optimistic),28.309363612941237,0.6592640579116213,-769.1371000000004,1,2,0,0,2,1
Drought(Moderate)+Energy(Moderate)+Cyber(Moderate),33.07123928006184,0.8293119669458988,-898.5124999999999,0,3,0,0,3,0
Drought(Moderate)+Energy(Moderate)+Cyber(Pessimistic),45.85321506128309,1.5682031348714294,-1245.7860000000003,0,2,1,1,2,0
Drought(Moderate)+Energy(Pessimistic)+Cyber(Optimistic),32.06217380102322,0.6592640579116213,-871.0972000000002,1,1,1,1,1,1
Drought(Moderate)+Energy(Pessimistic)+Cyber(Moderate),36.67242077367589,0.8293119669458988,-996.353,0,2,1,1,2,0
Drought(Moderate)+Energy(Pessimistic)+Cyber(Pessimistic),49.26486068681218,1.5682031348714294,-1338.477,0,1,2,2,1,0
Drought(Pessimistic)+Energy(Optimistic)+Cyber(Optimistic),35.49805660863484,1.1415022863491087,-964.4466999999999,2,0,1,1,0,2
Drought(Pessimistic)+Energy(Optimistic)+Cyber(Moderate),39.85098825867717,1.369483248438893,-1082.7115000000003,1,1,1,1,1,1
Drought(Pessimistic)+Energy(Optimistic)+Cyber(Pessimistic),51.229231845117596,2.3951112153927463,-1391.847,1,0,2,2,0,1
Drought(Pessimistic)+Energy(Moderate)+Cyber(Optimistic),37.99993006735617,1.1415022863491087,-1032.4200999999998,1,1,1,1,1,1
Drought(Pessimistic)+Energy(Moderate)+Cyber(Moderate),42.251775921086534,1.369483248438893,-1147.9385000000002,0,2,1,1,2,0
Drought(Pessimistic)+Energy(Moderate)+Cyber(Pessimistic),53.503662262137,2.3951112153927463,-1453.641,0,1,2,2,1,0
Drought(Pessimistic)+Energy(Pessimistic)+Cyber(Optimistic),41.752740255438184,1.1415022863491087,-1134.3802,1,0,2,2,0,1
Drought(Pessimistic)+Energy(Pessimistic)+Cyber(Moderate),45.852957414700576,1.369483248438893,-1245.779,0,1,2,2,1,0
Drought(Pessimistic)+Energy(Pessimistic)+Cyber(Pessimistic),56.91530788766609,2.3951112153927463,-1546.3320000000003,0,0,3,3,0,0
Drought(Optimistic)+Conflict(Optimistic)+Cyber(Optimistic),27.636088924877626,0.5665426690769586,-659.2013082990499,3,0,0,0,0,3
Drought(Optimistic)+Conflict(Optimistic)+Cyber(Moderate),32.24609297360963,0.7197797147882963,-784.4505082990495,2,1,0,0,1,2
Drought(Optimistic)+Conflict(Optimistic)+Cyber(Pessimistic),44.57245389966506,1.3705730861168204,-1119.3454082990497,2,0,1,1,0,2
Drought(Optimistic)+Conflict(Moderate)+Cyber(Optimistic),40.406190879310984,0.8061586316854663,-806.2025536787943,2,1,0,0,1,2
Drought(Optimistic)+Conflict(Moderate)+Cyber(Moderate),44.20266480179616,0.9783776928834282,-909.3489536787943,1,2,0,0,2,1
Drought(Optimistic)+Conflict(Moderate)+Cyber(Pessimistic),54.353785564430055,1.7097871436711,-1185.1447536787946,1,1,1,1,1,1
Drought(Optimistic)+Conflict(Pessimistic)+Cyber(Optimistic),65.9463947881777,1.8840375332525074,-1139.0841439477772,2,0,1,1,0,2
Drought(Optimistic)+Conflict(Pessimistic)+Cyber(Moderate),68.11580845816923,2.1416445368042076,-1198.024943947777,1,1,1,1,1,1
Drought(Optimistic)+Conflict(Pessimistic)+Cyber(Pessimistic),73.91644889396002,3.2356941482477772,-1355.622543947777,1,0,2,2,0,1
Drought(Moderate)+Conflict(Optimistic)+Cyber(Optimistic),35.873070411130335,0.9382857819228148,-882.9918582990497,2,1,0,0,1,2
Drought(Moderate)+Conflict(Optimistic)+Cyber(Moderate),40.04954911848061,1.131740285494751,-996.4626082990497,1,2,0,0,2,1
Drought(Moderate)+Conflict(Optimistic)+Cyber(Pessimistic),51.0753340203909,1.9723376494759137,-1296.0221582990498,1,1,1,1,1,1
Drought(Moderate)+Conflict(Moderate)+Cyber(Optimistic),47.18958739740146,1.223950880315227,-990.5006536787945,1,2,0,0,2,1
Drought(Moderate)+Conflict(Moderate)+Cyber(Moderate),50.62904045051345,1.4413692782947678,-1083.9471536787944,0,3,0,0,3,0
Drought(Moderate)+Conflict(Moderate)+Cyber(Pessimistic),59.7090986050278,2.3860944144281246,-1330.6432536787945,0,2,1,1,2,0
Drought(Moderate)+Conflict(Pessimistic)+Cyber(Optimistic),69.82262136994368,2.50897538001574,-1244.3973439477772,1,1,1,1,1,1
Drought(Moderate)+Conflict(Pessimistic)+Cyber(Moderate),71.78802311457912,2.8341920060437946,-1297.7953439477772,0,2,1,1,2,0
Drought(Moderate)+Conflict(Pessimistic)+Cyber(Pessimistic),76.9766277743016,4.247321364701372,-1438.7645439477774,0,1,2,2,1,0
Drought(Pessimistic)+Conflict(Optimistic)+Cyber(Optimistic),44.11005189738305,1.486902684156992,-1106.7824082990496,2,0,1,1,0,2
Drought(Pessimistic)+Conflict(Optimistic)+Cyber(Moderate),47.853005263351605,1.7462645551461937,-1208.4747082990498,1,1,1,1,1,1
Drought(Pessimistic)+Conflict(Optimistic)+Cyber(Pessimistic),57.578214141116725,2.9130671951983986,-1472.6989082990497,1,0,2,2,0,1
Drought(Pessimistic)+Conflict(Moderate)+Cyber(Optimistic),53.97298391549194,1.8405269009603014,-1174.7987536787946,1,1,1,1,1,1
Drought(Pessimistic)+Conflict(Moderate)+Cyber(Moderate),57.05541609923075,2.1320168453465262,-1258.5453536787945,0,2,1,1,2,0
Drought(Pessimistic)+Conflict(Moderate)+Cyber(Pessimistic),65.06441164562553,3.443355460237523,-1476.1417536787944,0,1,2,2,1,0
Drought(Pessimistic)+Conflict(Pessimistic)+Cyber(Optimistic),73.69884795170967,3.431255991902434,-1349.7105439477773,1,0,2,2,0,1
Drought(Pessimistic)+Conflict(Pessimistic)+Cyber(Moderate),75.460237770989,3.867269581899147,-1397.5657439477773,0,1,2,2,1,0
Drought(Pessimistic)+Conflict(Pessimistic)+Cyber(Pessimistic),80.03680665464316,5.828783068698389,-1521.9065439477772,0,0,3,3,0,0
Energy(Optimistic)+Conflict(Optimistic)+Cyber(Optimistic),20.462403658581486,0.2980115822249654,-464.29945329904996,3,0,0,0,0,3
Energy(Optimistic)+Conflict(Optimistic)+Cyber(Moderate),25.46297158526263,0.4243985568478552,-600.1598832990499,2,1,0,0,1,2
Energy(Optimistic)+Conflict(Optimistic)+Cyber(Pessimistic),39.036206706172486,0.9525365925548439,-968.9311082990497,2,0,1,1,0,2
Energy(Optimistic)+Conflict(Moderate)+Cyber(Optimistic),34.49845007177298,0.504363648198018,-645.6951436787945,2,1,0,0,1,2
Energy(Optimistic)+Conflict(Moderate)+Cyber(Moderate),38.61656483492215,0.6464066249218516,-757.5802036787945,1,2,0,0,2,1
Energy(Optimistic)+Conflict(Moderate)+Cyber(Pessimistic),49.79452316978911,1.239966989324411,-1061.2741536787946,1,1,1,1,1,1
Energy(Optimistic)+Conflict(Pessimistic)+Cyber(Optimistic),62.57054289815599,1.432609562142093,-1047.3656239477773,2,0,1,1,0,2
Energy(Optimistic)+Conflict(Pessimistic)+Cyber(Moderate),64.92375133424122,1.6450788750907328,-1111.2999439477771,1,1,1,1,1,1
Energy(Optimistic)+Conflict(Pessimistic)+Cyber(Pessimistic),71.31115609702235,2.5329324369275206,-1284.8393439477773,1,0,2,2,0,1
Energy(Moderate)+Conflict(Optimistic)+Cyber(Optimistic),22.58899609849461,0.2980115822249654,-522.0768432990496,2,1,0,0,1,2
Energy(Moderate)+Conflict(Optimistic)+Cyber(Moderate),27.503641098310595,0.4243985568478552,-655.6028332990497,1,2,0,0,2,1
Energy(Moderate)+Conflict(Optimistic)+Cyber(Pessimistic),40.96947256063896,0.9525365925548439,-1021.4560082990496,1,1,1,1,1,1
Energy(Moderate)+Conflict(Moderate)+Cyber(Optimistic),36.249761492877916,0.504363648198018,-693.2765236787943,1,2,0,0,2,1
Energy(Moderate)+Conflict(Moderate)+Cyber(Moderate),40.29711619860871,0.6464066249218516,-803.2391036787944,0,3,0,0,3,0
Energy(Moderate)+Conflict(Moderate)+Cyber(Pessimistic),51.38662446170268,1.239966989324411,-1104.5299536787945,0,2,1,1,2,0
Energy(Moderate)+Conflict(Pessimistic)+Cyber(Optimistic),63.57129228164452,1.432609562142093,-1074.5549839477771,1,1,1,1,1,1
Energy(Moderate)+Conflict(Pessimistic)+Cyber(Moderate),65.88406639920497,1.6450788750907328,-1137.390743947777,0,2,1,1,2,0
Energy(Moderate)+Conflict(Pessimistic)+Cyber(Pessimistic),72.2209282638301,2.5329324369275206,-1309.5569439477772,0,1,2,2,1,0
Energy(Pessimistic)+Conflict(Optimistic)+Cyber(Optimistic),25.778884758364317,0.2980115822249654,-608.7429282990497,2,0,1,1,0,2
Energy(Pessimistic)+Conflict(Optimistic)+Cyber(Moderate),30.56464536788251,0.4243985568478552,-738.7672582990497,1,1,1,1,1,1
Energy(Pessimistic)+Conflict(Optimistic)+Cyber(Pessimistic),43.86937134233869,0.9525365925548439,-1100.2433582990498,1,0,2,2,0,1
Energy(Pessimistic)+Conflict(Moderate)+Cyber(Optimistic),38.87672862453532,0.504363648198018,-764.6485936787944,1,1,1,1,1,1
Energy(Pessimistic)+Conflict(Moderate)+Cyber(Moderate),42.81794324413854,0.6464066249218516,-871.7274536787945,0,2,1,1,2,0
Energy(Pessimistic)+Conflict(Moderate)+Cyber(Pessimistic),53.77477639957306,1.239966989324411,-1169.4136536787946,0,1,2,2,1,0
Energy(Pessimistic)+Conflict(Pessimistic)+Cyber(Optimistic),65.07241635687731,1.432609562142093,-1115.3390239477772,1,0,2,2,0,1
Energy(Pessimistic)+Conflict(Pessimistic)+Cyber(Moderate),67.3245389966506,1.6450788750907328,-1176.5269439477772,0,1,2,2,1,0
Energy(Pessimistic)+Conflict(Pessimistic)+Cyber(Pessimistic),73.58558651404174,2.5329324369275206,-1346.6333439477771,0,0,3,3,0,0
Drought(Optimistic)+Energy(Optimistic)+Conflict(Optimistic)+Cyber(Optimistic),28.6993851448342,0.5665426690769586,-688.0900032990498,4,0,0,0,0,4
Drought(Optimistic)+Energy(Optimistic)+Conflict(Optimistic)+Cyber(Moderate),33.26642773013361,0.7197797147882963,-812.1719832990495,3,1,0,0,1,3
Drought(Optimistic)+Energy(Optimistic)+Conflict(Optimistic)+Cyber(Pessimistic),45.53908682689831,1.3705730861168204,-1145.60785829905,3,0,1,1,0,3
Drought(Optimistic)+Energy(Optimistic)+Conflict(Moderate)+Cyber(Optimistic),41.281846589863456,0.8061586316854663,-829.9932436787947,3,1,0,0,1,3
Drought(Optimistic)+Energy(Optimistic)+Conflict(Moderate)+Cyber(Moderate),45.04294048363944,0.9783776928834282,-932.1784036787944,2,2,0,0,2,2
Drought(Optimistic)+Energy(Optimistic)+Conflict(Moderate)+Cyber(Pessimistic),55.14983621038685,1.7097871436711,-1206.7726536787945,2,1,1,1,1,2
Drought(Optimistic)+Energy(Optimistic)+Conflict(Pessimistic)+Cyber(Optimistic),66.44676947992197,1.8840375332525074,-1152.6788239477773,3,0,1,1,0,3
Drought(Optimistic)+Energy(Optimistic)+Conflict(Pessimistic)+Cyber(Moderate),68.5959659906511,2.1416445368042076,-1211.070343947777,2,1,1,1,1,2
Drought(Optimistic)+Energy(Optimistic)+Conflict(Pessimistic)+Cyber(Pessimistic),74.3713349773639,3.2356941482477772,-1367.9813439477775,2,0,2,2,0,2
Drought(Optimistic)+Energy(Moderate)+Conflict(Optimistic)+Cyber(Optimistic),30.825977584747328,0.5665426690769586,-745.8673932990497,3,1,0,0,1,3
Drought(Optimistic)+Energy(Moderate)+Conflict(Optimistic)+Cyber(Moderate),35.30709724318156,0.7197797147882963,-867.6149332990494,2,2,0,0,2,2
Drought(Optimistic)+Energy(Moderate)+Conflict(Optimistic)+Cyber(Pessimistic),47.47235268136478,1.3705730861168204,-1198.1327582990498,2,1,1,1,1,2
Drought(Optimistic)+Energy(Moderate)+Conflict(Moderate)+Cyber(Optimistic),43.0331580109684,0.8061586316854663,-877.5746236787945,2,2,0,0,2,2
Drought(Optimistic)+Energy(Moderate)+Conflict(Moderate)+Cyber(Moderate),46.723491847326,0.9783776928834282,-977.8373036787942,1,3,0,0,3,1
Drought(Optimistic)+Energy(Moderate)+Conflict(Moderate)+Cyber(Pessimistic),56.74193750230042,1.7097871436711,-1250.0284536787944,1,2,1,1,2,1
Drought(Optimistic)+Energy(Moderate)+Conflict(Pessimistic)+Cyber(Optimistic),67.44751886341051,1.8840375332525074,-1179.8681839477772,2,1,1,1,1,2
Drought(Optimistic)+Energy(Moderate)+Conflict(Pessimistic)+Cyber(Moderate),69.55628105561485,2.1416445368042076,-1237.161143947777,1,2,1,1,2,1
Drought(Optimistic)+Energy(Moderate)+Conflict(Pessimistic)+Cyber(Pessimistic),75.28110714417167,3.2356941482477772,-1392.6989439477775,1,1,2,2,1,1
Drought(Optimistic)+Energy(Pessimistic)+Conflict(Optimistic)+Cyber(Optimistic),34.01586624461703,0.5665426690769586,-832.5334782990496,3,0,1,1,0,3
Drought(Optimistic)+Energy(Pessimistic)+Conflict(Optimistic)+Cyber(Moderate),38.3681015127535,0.7197797147882963,-950.7793582990494,2,1,1,1,1,2
Drought(Optimistic)+Energy(Pessimistic)+Conflict(Optimistic)+Cyber(Pessimistic),50.37225146306452,1.3705730861168204,-1276.9201082990498,2,0,2,2,0,2
Drought(Optimistic)+Energy(Pessimistic)+Conflict(Moderate)+Cyber(Optimistic),45.660125142625795,0.8061586316854663,-948.9466936787946,2,1,1,1,1,2
Drought(Optimistic)+Energy(Pessimistic)+Conflict(Moderate)+Cyber(Moderate),49.24431889285583,0.9783776928834282,-1046.3256536787944,1,2,1,1,2,1
Drought(Optimistic)+Energy(Pessimistic)+Conflict(Moderate)+Cyber(Pessimistic),59.130089440170785,1.7097871436711,-1314.9121536787945,1,1,2,2,1,1
Drought(Optimistic)+Energy(Pessimistic)+Conflict(Pessimistic)+Cyber(Optimistic),68.9486429386433,1.8840375332525074,-1220.6522239477772,2,0,2,2,0,2
Drought(Optimistic)+Energy(Pessimistic)+Conflict(Pessimistic)+Cyber(Moderate),70.99675365306047,2.1416445368042076,-1276.2973439477773,1,1,2,2,1,1
Drought(Optimistic)+Energy(Pessimistic)+Conflict(Pessimistic)+Cyber(Pessimistic),76.64576539438329,3.2356941482477772,-1429.7753439477774,1,0,3,3,0,1
Drought(Moderate)+Energy(Optimistic)+Conflict(Optimistic)+Cyber(Optimistic),36.93636663108692,0.9382857819228148,-911.8805532990498,3,1,0,0,1,3
Drought(Moderate)+Energy(Optimistic)+Conflict(Optimistic)+Cyber(Moderate),41.0698838750046,1.131740285494751,-1024.1840832990497,2,2,0,0,2,2
Drought(Moderate)+Energy(Optimistic)+Conflict(Optimistic)+Cyber(Pessimistic),52.04196694762413,1.9723376494759137,-1322.2846082990495,2,1,1,1,1,2
Drought(Moderate)+Energy(Optimistic)+Conflict(Moderate)+Cyber(Optimistic),48.06524310795393,1.223950880315227,-1014.2913436787948,2,2,0,0,2,2
Drought(Moderate)+Energy(Optimistic)+Conflict(Moderate)+Cyber(Moderate),51.46931613235674,1.4413692782947678,-1106.7766036787943,1,3,0,0,3,1
Drought(Moderate)+Energy(Optimistic)+Conflict(Moderate)+Cyber(Pessimistic),60.50514925098458,2.3860944144281246,-1352.2711536787947,1,2,1,1,2,1
Drought(Moderate)+Energy(Optimistic)+Conflict(Pessimistic)+Cyber(Optimistic),70.32299606168796,2.50897538001574,-1257.9920239477774,2,1,1,1,1,2
Drought(Moderate)+Energy(Optimistic)+Conflict(Pessimistic)+Cyber(Moderate),72.26818064706099,2.8341920060437946,-1310.8407439477774,1,2,1,1,2,1
Drought(Moderate)+Energy(Optimistic)+Conflict(Pessimistic)+Cyber(Pessimistic),77.43151385770548,4.247321364701372,-1451.1233439477774,1,1,2,2,1,1
Drought(Moderate)+Energy(Moderate)+Conflict(Optimistic)+Cyber(Optimistic),39.06295907100004,0.9382857819228148,-969.6579432990496,2,2,0,0,2,2
Drought(Moderate)+Energy(Moderate)+Conflict(Optimistic)+Cyber(Moderate),43.11055338805257,1.131740285494751,-1079.6270332990498,1,3,0,0,3,1
Drought(Moderate)+Energy(Moderate)+Conflict(Optimistic)+Cyber(Pessimistic),53.97523280209062,1.9723376494759137,-1374.8095082990496,1,2,1,1,2,1
Drought(Moderate)+Energy(Moderate)+Conflict(Moderate)+Cyber(Optimistic),49.81655452905886,1.223950880315227,-1061.8727236787945,1,3,0,0,3,1
Drought(Moderate)+Energy(Moderate)+Conflict(Moderate)+Cyber(Moderate),53.14986749604328,1.4413692782947678,-1152.4355036787942,0,4,0,0,4,0
Drought(Moderate)+Energy(Moderate)+Conflict(Moderate)+Cyber(Pessimistic),62.097250542898166,2.3860944144281246,-1395.5269536787948,0,3,1,1,3,0
Drought(Moderate)+Energy(Moderate)+Conflict(Pessimistic)+Cyber(Optimistic),71.32374544517648,2.50897538001574,-1285.1813839477772,1,2,1,1,2,1
Drought(Moderate)+Energy(Moderate)+Conflict(Pessimistic)+Cyber(Moderate),73.22849571202474,2.8341920060437946,-1336.9315439477773,0,3,1,1,3,0
Drought(Moderate)+Energy(Moderate)+Conflict(Pessimistic)+Cyber(Pessimistic),78.34128602451324,4.247321364701372,-1475.8409439477773,0,2,2,2,2,0
Drought(Moderate)+Energy(Pessimistic)+Conflict(Optimistic)+Cyber(Optimistic),42.252847730869746,0.9382857819228148,-1056.3240282990496,2,1,1,1,1,2
Drought(Moderate)+Energy(Pessimistic)+Conflict(Optimistic)+Cyber(Moderate),46.17155765762449,1.131740285494751,-1162.7914582990497,1,2,1,1,2,1
Drought(Moderate)+Energy(Pessimistic)+Conflict(Optimistic)+Cyber(Pessimistic),56.87513158379035,1.9723376494759137,-1453.5968582990495,1,1,2,2,1,1
Drought(Moderate)+Energy(Pessimistic)+Conflict(Moderate)+Cyber(Optimistic),52.443521660716264,1.223950880315227,-1133.2447936787948,1,2,1,1,2,1
Drought(Moderate)+Energy(Pessimistic)+Conflict(Moderate)+Cyber(Moderate),55.67069454157312,1.4413692782947678,-1220.9238536787943,0,3,1,1,3,0
Drought(Moderate)+Energy(Pessimistic)+Conflict(Moderate)+Cyber(Pessimistic),64.48540248076853,2.3860944144281246,-1460.4106536787945,0,2,2,2,2,0
Drought(Moderate)+Energy(Pessimistic)+Conflict(Pessimistic)+Cyber(Optimistic),72.82486952040928,2.50897538001574,-1325.9654239477773,1,1,2,2,1,1
Drought(Moderate)+Energy(Pessimistic)+Conflict(Pessimistic)+Cyber(Moderate),74.66896830947036,2.8341920060437946,-1376.0677439477772,0,2,2,2,2,0
Drought(Moderate)+Energy(Pessimistic)+Conflict(Pessimistic)+Cyber(Pessimistic),79.70594427472487,4.247321364701372,-1512.9173439477772,0,1,3,3,1,0
Drought(Pessimistic)+Energy(Optimistic)+Conflict(Optimistic)+Cyber(Optimistic),45.17334811733962,1.486902684156992,-1135.67110329905,3,0,1,1,0,3
Drought(Pessimistic)+Energy(Optimistic)+Conflict(Optimistic)+Cyber(Moderate),48.8733400198756,1.7462645551461937,-1236.1961832990496,2,1,1,1,1,2
Drought(Pessimistic)+Energy(Optimistic)+Conflict(Optimistic)+Cyber(Pessimistic),58.54484706834996,2.9130671951983986,-1498.9613582990498,2,0,2,2,0,2
Drought(Pessimistic)+Energy(Optimistic)+Conflict(Moderate)+Cyber(Optimistic),54.848639626044395,1.8405269009603014,-1198.5894436787944,2,1,1,1,1,2
Drought(Pessimistic)+Energy(Optimistic)+Conflict(Moderate)+Cyber(Moderate),57.89569178107402,2.1320168453465262,-1281.3748036787947,1,2,1,1,2,1
Drought(Pessimistic)+Energy(Optimistic)+Conflict(Moderate)+Cyber(Pessimistic),65.86046229158232,3.443355460237523,-1497.7696536787944,1,1,2,2,1,1
Drought(Pessimistic)+Energy(Optimistic)+Conflict(Pessimistic)+Cyber(Optimistic),74.19922264345392,3.431255991902434,-1363.3052239477774,2,0,2,2,0,2
Drought(Pessimistic)+Energy(Optimistic)+Conflict(Pessimistic)+Cyber(Moderate),75.94039530347086,3.867269581899147,-1410.6111439477775,1,1,2,2,1,1
Drought(Pessimistic)+Energy(Optimistic)+Conflict(Pessimistic)+Cyber(Pessimistic),80.49169273804704,5.828783068698389,-1534.2653439477772,1,0,3,3,0,1
Drought(Pessimistic)+Energy(Moderate)+Conflict(Optimistic)+Cyber(Optimistic),47.299940557252754,1.486902684156992,-1193.44849329905,2,1,1,1,1,2
Drought(Pessimistic)+Energy(Moderate)+Conflict(Optimistic)+Cyber(Moderate),50.91400953292356,1.7462645551461937,-1291.6391332990497,1,2,1,1,2,1
Drought(Pessimistic)+Energy(Moderate)+Conflict(Optimistic)+Cyber(Pessimistic),60.47811292281645,2.9130671951983986,-1551.48625829905,1,1,2,2,1,1
Drought(Pessimistic)+Energy(Moderate)+Conflict(Moderate)+Cyber(Optimistic),56.59995104714933,1.8405269009603014,-1246.1708236787945,1,2,1,1,2,1
Drought(Pessimistic)+Energy(Moderate)+Conflict(Moderate)+Cyber(Moderate),59.576243144760575,2.1320168453465262,-1327.0337036787944,0,3,1,1,3,0
Drought(Pessimistic)+Energy(Moderate)+Conflict(Moderate)+Cyber(Pessimistic),67.4525635834959,3.443355460237523,-1541.0254536787945,0,2,2,2,2,0
Drought(Pessimistic)+Energy(Moderate)+Conflict(Pessimistic)+Cyber(Optimistic),75.19997202694248,3.431255991902434,-1390.4945839477773,1,1,2,2,1,1
Drought(Pessimistic)+Energy(Moderate)+Conflict(Pessimistic)+Cyber(Moderate),76.90071036843462,3.867269581899147,-1436.7019439477774,0,2,2,2,2,0
Drought(Pessimistic)+Energy(Moderate)+Conflict(Pessimistic)+Cyber(Pessimistic),81.40146490485479,5.828783068698389,-1558.9829439477774,0,1,3,3,1,0
Drought(Pessimistic)+Energy(Pessimistic)+Conflict(Optimistic)+Cyber(Optimistic),50.48982921712246,1.486902684156992,-1280.1145782990498,2,0,2,2,0,2
Drought(Pessimistic)+Energy(Pessimistic)+Conflict(Optimistic)+Cyber(Moderate),53.97501380249549,1.7462645551461937,-1374.8035582990497,1,1,2,2,1,1
Drought(Pessimistic)+Energy(Pessimistic)+Conflict(Optimistic)+Cyber(Pessimistic),63.37801170451617,2.9130671951983986,-1630.2736082990498,1,0,3,3,0,1
Drought(Pessimistic)+Energy(Pessimistic)+Conflict(Moderate)+Cyber(Optimistic),59.226918178806734,1.8405269009603014,-1317.5428936787944,1,1,2,2,1,1
Drought(Pessimistic)+Energy(Pessimistic)+Conflict(Moderate)+Cyber(Moderate),62.0970701902904,2.1320168453465262,-1395.5220536787947,0,2,2,2,2,0
Drought(Pessimistic)+Energy(Pessimistic)+Conflict(Moderate)+Cyber(Pessimistic),69.84071552136626,3.443355460237523,-1605.9091536787948,0,1,3,3,1,0
Drought(Pessimistic)+Energy(Pessimistic)+Conflict(Pessimistic)+Cyber(Optimistic),76.70109610217527,3.431255991902434,-1431.2786239477775,1,0,3,3,0,1
Drought(Pessimistic)+Energy(Pessimistic)+Conflict(Pessimistic)+Cyber(Moderate),78.34118296588022,3.867269581899147,-1475.838143947777,0,1,3,3,1,0
Drought(Pessimistic)+Energy(Pessimistic)+Conflict(Pessimistic)+Cyber(Pessimistic),82.76612315506642,5.828783068698389,-1596.0593439477773,0,0,4,4,0,0
