name,composition,size,opt_count,mod_count,pes_count,supply_reduction,wsi_increase,gap_change
Drought(Optimistic)+Energy(Optimistic),drought:Optimistic|energy:Optimistic,2,2,0,0,11.464168721704876,0.21622485105511302,-311.4699999999998
Drought(Optimistic)+Energy(Moderate),drought:Optimistic|energy:Moderate,2,1,1,0,13.99131362950422,0.21622485105511302,-380.1300000000001
Drought(Optimistic)+Energy(Pessimistic),drought:Optimistic|energy:Pessimistic,2,1,0,1,17.782030991203204,0.21622485105511302,-483.11999999999995
Drought(Moderate)+Energy(Optimistic),drought:Moderate|energy:Optimistic,2,1,1,0,21.664764989510108,0.5136471861841736,-588.6100000000001
Drought(Moderate)+Energy(Moderate),drought:Moderate|energy:Moderate,2,0,2,0,24.191909897309433,0.5136471861841736,-657.27
Drought(Moderate)+Energy(Pessimistic),drought:Moderate|energy:Pessimistic,2,0,1,1,27.982627259008428,0.5136471861841736,-760.2600000000002
Drought(Pessimistic)+Energy(Optimistic),drought:Pessimistic|energy:Optimistic,2,1,0,1,31.86536125731531,0.9485772384453368,-865.75
Drought(Pessimistic)+Energy(Moderate),drought:Pessimistic|energy:Moderate,2,0,1,1,34.39250616511463,0.9485772384453368,-934.4099999999999
Drought(Pessimistic)+Energy(Pessimistic),drought:Pessimistic|energy:Pessimistic,2,0,0,2,38.18322352681365,0.9485772384453368,-1037.4
Drought(Optimistic)+Conflict(Optimistic),drought:Optimistic|conflict:Optimistic,2,2,0,0,23.670506827634426,0.43426353129899864,-551.4604082990493
Drought(Optimistic)+Conflict(Moderate),drought:Optimistic|conflict:Moderate,2,1,1,0,37.14041738746365,0.657493608691549,-717.4747536787943
Drought(Optimistic)+Conflict(Pessimistic),drought:Optimistic|conflict:Pessimistic,2,1,0,1,64.08023850712209,1.6616628969026668,-1088.382543947777
Drought(Moderate)+Conflict(Optimistic),drought:Moderate|conflict:Optimistic,2,1,1,0,32.34101365526888,0.772625176087,-787.0294082990497
Drought(Moderate)+Conflict(Moderate),drought:Moderate|conflict:Moderate,2,0,2,0,44.28083477492731,1.0377693086065622,-911.4727536787942
Drought(Moderate)+Conflict(Pessimistic),drought:Moderate|conflict:Pessimistic,2,0,1,1,68.16047701424417,2.230483112836996,-1199.238543947777
Drought(Pessimistic)+Conflict(Optimistic),drought:Pessimistic|conflict:Optimistic,2,1,0,1,41.01152048290331,1.2674220708358772,-1022.5984082990498
Drought(Pessimistic)+Conflict(Moderate),drought:Pessimistic|conflict:Moderate,2,0,1,1,51.42125216239096,1.5938584468547645,-1105.4707536787946
Drought(Pessimistic)+Conflict(Pessimistic),drought:Pessimistic|conflict:Pessimistic,2,0,0,2,72.24071552136627,3.0622868377864707,-1310.0945439477773
Drought(Optimistic)+Cyber(Optimistic),drought:Optimistic|cyber:Optimistic,2,2,0,0,14.865986970444249,0.33249917071516055,-403.8939999999998
Drought(Optimistic)+Cyber(Moderate),drought:Optimistic|cyber:Moderate,2,1,1,0,20.289521145423077,0.46719564316049333,-551.2459999999996
Drought(Optimistic)+Cyber(Pessimistic),drought:Optimistic|cyber:Pessimistic,2,1,0,1,34.791122234900065,1.0392477275754317,-945.2399999999999
Drought(Moderate)+Cyber(Optimistic),drought:Moderate|cyber:Optimistic,2,1,1,0,24.556553424859217,0.6592640579116213,-667.1770000000001
Drought(Moderate)+Cyber(Moderate),drought:Moderate|cyber:Moderate,2,0,2,0,29.47005778644779,0.8293119669458988,-800.672
Drought(Moderate)+Cyber(Pessimistic),drought:Moderate|cyber:Pessimistic,2,0,1,1,42.44156943575398,1.5682031348714294,-1153.0950000000003
Drought(Pessimistic)+Cyber(Optimistic),drought:Pessimistic|cyber:Optimistic,2,1,0,1,34.24711987927418,1.1415022863491087,-930.46
Drought(Pessimistic)+Cyber(Moderate),drought:Pessimistic|cyber:Moderate,2,0,1,1,38.65059442747248,1.369483248438893,-1050.098
Drought(Pessimistic)+Cyber(Pessimistic),drought:Pessimistic|cyber:Pessimistic,2,0,0,2,50.092016636607894,2.3951112153927463,-1360.95
Energy(Optimistic)+Conflict(Optimistic),energy:Optimistic|conflict:Optimistic,2,2,0,0,16.074036585814724,0.18827596545159375,-345.0719082990498
Energy(Optimistic)+Conflict(Moderate),energy:Optimistic|conflict:Moderate,2,1,1,0,30.884500717729768,0.38103469198536866,-547.5077536787944
Energy(Optimistic)+Conflict(Pessimistic),energy:Optimistic|conflict:Pessimistic,2,1,0,1,60.50542898155986,1.2481328692597635,-991.258543947777
Energy(Moderate)+Conflict(Optimistic),energy:Moderate|conflict:Optimistic,2,1,1,0,18.222109757444148,0.18827596545159375,-403.4329082990497
Energy(Moderate)+Conflict(Moderate),energy:Moderate|conflict:Moderate,2,0,2,0,32.653502153189294,0.38103469198536866,-595.5697536787943
Energy(Moderate)+Conflict(Pessimistic),energy:Moderate|conflict:Pessimistic,2,0,1,1,61.516286944679585,1.2481328692597635,-1018.7225439477769
Energy(Pessimistic)+Conflict(Optimistic),energy:Pessimistic|conflict:Optimistic,2,1,0,1,21.44421951488829,0.18827596545159375,-490.97440829904946
Energy(Pessimistic)+Conflict(Moderate),energy:Pessimistic|conflict:Moderate,2,0,1,1,35.307004306378595,0.38103469198536866,-667.6627536787944
Energy(Pessimistic)+Conflict(Pessimistic),energy:Pessimistic|conflict:Pessimistic,2,0,0,2,63.0325738893592,1.2481328692597635,-1059.9185439477772
Energy(Optimistic)+Cyber(Optimistic),energy:Optimistic|cyber:Optimistic,2,2,0,0,6.426357245389976,0.09645840150710017,-174.59770000000026
Energy(Optimistic)+Cyber(Moderate),energy:Optimistic|cyber:Moderate,2,1,1,0,12.309378335603062,0.2075534671011603,-334.43349999999964
Energy(Optimistic)+Cyber(Pessimistic),energy:Optimistic|cyber:Pessimistic,2,1,0,1,28.27789024255587,0.671790623617128,-768.2820000000002
Energy(Moderate)+Cyber(Optimistic),energy:Moderate|cyber:Optimistic,2,1,1,0,8.928230704111307,0.09645840150710017,-242.5711000000001
Energy(Moderate)+Cyber(Moderate),energy:Moderate|cyber:Moderate,2,0,2,0,14.710165998012423,0.2075534671011603,-399.6604999999995
Energy(Moderate)+Cyber(Pessimistic),energy:Moderate|cyber:Pessimistic,2,0,1,1,30.55232065957526,0.671790623617128,-830.0760000000001
Energy(Pessimistic)+Cyber(Optimistic),energy:Pessimistic|cyber:Optimistic,2,1,0,1,12.681040892193323,0.09645840150710017,-344.53120000000035
Energy(Pessimistic)+Cyber(Moderate),energy:Pessimistic|cyber:Moderate,2,0,1,1,18.311347491626478,0.2075534671011603,-497.5009999999998
Energy(Pessimistic)+Cyber(Pessimistic),energy:Pessimistic|cyber:Pessimistic,2,0,0,2,33.96396628510435,0.671790623617128,-922.7669999999999
Conflict(Optimistic)+Cyber(Optimistic),conflict:Optimistic|cyber:Optimistic,2,2,0,0,19.399107438624917,0.2980115822249654,-435.4107582990499
Conflict(Optimistic)+Cyber(Moderate),conflict:Optimistic|cyber:Moderate,2,1,1,0,24.442636828738628,0.4243985568478552,-572.4384082990493
Conflict(Optimistic)+Cyber(Pessimistic),conflict:Optimistic|cyber:Pessimistic,2,1,0,1,38.06957377893924,0.9525365925548439,-942.6686582990494
Conflict(Moderate)+Cyber(Optimistic),conflict:Moderate|cyber:Optimistic,2,1,1,0,33.622794361220514,0.504363648198018,-621.9044536787944
Conflict(Moderate)+Cyber(Moderate),conflict:Moderate|cyber:Moderate,2,0,2,0,37.776289153078885,0.6464066249218516,-734.7507536787944
Conflict(Moderate)+Cyber(Pessimistic),conflict:Moderate|cyber:Pessimistic,2,0,1,1,48.99847252383231,1.239966989324411,-1039.6462536787944
Conflict(Pessimistic)+Cyber(Optimistic),conflict:Pessimistic|cyber:Optimistic,2,1,0,1,62.070168206411715,1.432609562142093,-1033.7709439477771
Conflict(Pessimistic)+Cyber(Moderate),conflict:Pessimistic|cyber:Moderate,2,0,1,1,64.44359380175935,1.6450788750907328,-1098.2545439477772
Conflict(Pessimistic)+Cyber(Pessimistic),conflict:Pessimistic|cyber:Pessimistic,2,0,0,2,70.85627001361846,2.5329324369275206,-1272.4805439477773
Drought(Optimistic)+Energy(Optimistic)+Conflict(Optimistic),drought:Optimistic|energy:Optimistic|conflict:Optimistic,3,3,0,0,24.74454341344916,0.43426353129899864,-580.6409082990497
Drought(Optimistic)+Energy(Optimistic)+Conflict(Moderate),drought:Optimistic|energy:Optimistic|conflict:Moderate,3,2,1,0,38.024918105193414,0.657493608691549,-741.5057536787942
Drought(Optimistic)+Energy(Optimistic)+Conflict(Pessimistic),drought:Optimistic|energy:Optimistic|conflict:Pessimistic,3,2,0,1,64.58566748868196,1.6616628969026668,-1102.1145439477773
Drought(Optimistic)+Energy(Moderate)+Conflict(Optimistic),drought:Optimistic|energy:Moderate|conflict:Optimistic,3,2,1,0,26.89261658507858,0.43426353129899864,-639.0019082990495
Drought(Optimistic)+Energy(Moderate)+Conflict(Moderate),drought:Optimistic|energy:Moderate|conflict:Moderate,3,1,2,0,39.793919540652944,0.657493608691549,-789.5677536787944
Drought(Optimistic)+Energy(Moderate)+Conflict(Pessimistic),drought:Optimistic|energy:Moderate|conflict:Pessimistic,3,1,1,1,65.59652545180168,1.6616628969026668,-1129.5785439477772
Drought(Optimistic)+Energy(Pessimistic)+Conflict(Optimistic),drought:Optimistic|energy:Pessimistic|conflict:Optimistic,3,2,0,1,30.114726342522715,0.43426353129899864,-726.5434082990494
Drought(Optimistic)+Energy(Pessimistic)+Conflict(Moderate),drought:Optimistic|energy:Pessimistic|conflict:Moderate,3,1,1,1,42.44742169384225,0.657493608691549,-861.6607536787943
Drought(Optimistic)+Energy(Pessimistic)+Conflict(Pessimistic),drought:Optimistic|energy:Pessimistic|conflict:Pessimistic,3,1,0,2,67.11281239648127,1.6616628969026668,-1170.7745439477771
Drought(Moderate)+Energy(Optimistic)+Conflict(Optimistic),drought:Moderate|energy:Optimistic|conflict:Optimistic,3,2,1,0,33.4150502410836,0.772625176087,-816.2099082990496
Drought(Moderate)+Energy(Optimistic)+Conflict(Moderate),drought:Moderate|energy:Optimistic|conflict:Moderate,3,1,2,0,45.16533549265708,1.0377693086065622,-935.5037536787945
Drought(Moderate)+Energy(Optimistic)+Conflict(Pessimistic),drought:Moderate|energy:Optimistic|conflict:Pessimistic,3,1,1,1,68.66590599580404,2.230483112836996,-1212.9705439477775
Drought(Moderate)+Energy(Moderate)+Conflict(Optimistic),drought:Moderate|energy:Moderate|conflict:Optimistic,3,1,2,0,35.56312341271301,0.772625176087,-874.5709082990495
Drought(Moderate)+Energy(Moderate)+Conflict(Moderate),drought:Moderate|energy:Moderate|conflict:Moderate,3,0,3,0,46.93433692811661,1.0377693086065622,-983.5657536787943
Drought(Moderate)+Energy(Moderate)+Conflict(Pessimistic),drought:Moderate|energy:Moderate|conflict:Pessimistic,3,0,2,1,69.67676395892377,2.230483112836996,-1240.4345439477775
Drought(Moderate)+Energy(Pessimistic)+Conflict(Optimistic),drought:Moderate|energy:Pessimistic|conflict:Optimistic,3,1,1,1,38.785233170157184,0.772625176087,-962.1124082990498
Drought(Moderate)+Energy(Pessimistic)+Conflict(Moderate),drought:Moderate|energy:Pessimistic|conflict:Moderate,3,0,2,1,49.5878390813059,1.0377693086065622,-1055.6587536787947
Drought(Moderate)+Energy(Pessimistic)+Conflict(Pessimistic),drought:Moderate|energy:Pessimistic|conflict:Pessimistic,3,0,1,2,71.19305090360338,2.230483112836996,-1281.6305439477774
Drought(Pessimistic)+Energy(Optimistic)+Conflict(Optimistic),drought:Pessimistic|energy:Optimistic|conflict:Optimistic,3,2,0,1,42.085557068718025,1.2674220708358772,-1051.7789082990498
Drought(Pessimistic)+Energy(Optimistic)+Conflict(Moderate),drought:Pessimistic|energy:Optimistic|conflict:Moderate,3,1,1,1,52.30575288012072,1.5938584468547645,-1129.5017536787946
Drought(Pessimistic)+Energy(Optimistic)+Conflict(Pessimistic),drought:Pessimistic|energy:Optimistic|conflict:Pessimistic,3,1,0,2,72.74614450292613,3.0622868377864707,-1323.8265439477773
Drought(Pessimistic)+Energy(Moderate)+Conflict(Optimistic),drought:Pessimistic|energy:Moderate|conflict:Optimistic,3,1,1,1,44.23363024034745,1.2674220708358772,-1110.1399082990497
Drought(Pessimistic)+Energy(Moderate)+Conflict(Moderate),drought:Pessimistic|energy:Moderate|conflict:Moderate,3,0,2,1,54.07475431558026,1.5938584468547645,-1177.5637536787945
Drought(Pessimistic)+Energy(Moderate)+Conflict(Pessimistic),drought:Pessimistic|energy:Moderate|conflict:Pessimistic,3,0,1,2,73.75700246604586,3.0622868377864707,-1351.2905439477772
Drought(Pessimistic)+Energy(Pessimistic)+Conflict(Optimistic),drought:Pessimistic|energy:Pessimistic|conflict:Optimistic,3,1,0,2,47.455739997791596,1.2674220708358772,-1197.6814082990497
Drought(Pessimistic)+Energy(Pessimistic)+Conflict(Moderate),drought:Pessimistic|energy:Pessimistic|conflict:Moderate,3,0,1,2,56.72825646876955,1.5938584468547645,-1249.6567536787943
Drought(Pessimistic)+Energy(Pessimistic)+Conflict(Pessimistic),drought:Pessimistic|energy:Pessimistic|conflict:Pessimistic,3,0,0,3,75.27328941072545,3.0622868377864707,-1392.4865439477771
Drought(Optimistic)+Energy(Optimistic)+Cyber(Optimistic),drought:Optimistic|energy:Optimistic|cyber:Optimistic,3,3,0,0,16.11692369980493,0.33249917071516055,-437.88070000000016
Drought(Optimistic)+Energy(Optimistic)+Cyber(Moderate),drought:Optimistic|energy:Optimistic|cyber:Moderate,3,2,1,0,21.489914976627777,0.46719564316049333,-583.8595
Drought(Optimistic)+Energy(Optimistic)+Cyber(Pessimistic),drought:Optimistic|energy:Optimistic|cyber:Pessimistic,3,2,0,1,35.92833744340977,1.0392477275754317,-976.1369999999998
Drought(Optimistic)+Energy(Moderate)+Cyber(Optimistic),drought:Optimistic|energy:Moderate|cyber:Optimistic,3,2,1,0,18.618797158526263,0.33249917071516055,-505.8541000000001
Drought(Optimistic)+Energy(Moderate)+Cyber(Moderate),drought:Optimistic|energy:Moderate|cyber:Moderate,3,1,2,0,23.890702639037134,0.46719564316049333,-649.0864999999999
Drought(Optimistic)+Energy(Moderate)+Cyber(Pessimistic),drought:Optimistic|energy:Moderate|cyber:Pessimistic,3,1,1,1,38.20276786042917,1.0392477275754317,-1037.931
Drought(Optimistic)+Energy(Pessimistic)+Cyber(Optimistic),drought:Optimistic|energy:Pessimistic|cyber:Optimistic,3,2,0,1,22.37160734660826,0.33249917071516055,-607.8141999999998
Drought(Optimistic)+Energy(Pessimistic)+Cyber(Moderate),drought:Optimistic|energy:Pessimistic|cyber:Moderate,3,1,1,1,27.49188413265118,0.46719564316049333,-746.9269999999998
Drought(Optimistic)+Energy(Pessimistic)+Cyber(Pessimistic),drought:Optimistic|energy:Pessimistic|cyber:Pessimistic,3,1,0,2,41.614413485958266,1.0392477275754317,-1130.6220000000003
Drought(Moderate)+Energy(Optimistic)+Cyber(Optimistic),drought:Moderate|energy:Optimistic|cyber:Optimistic,3,2,1,0,25.80749015421989,0.6592640579116213,-701.1637000000001
Drought(Moderate)+Energy(Optimistic)+Cyber(Moderate),drought:Moderate|energy:Optimistic|cyber:Moderate,3,1,2,0,30.67045161765248,0.8293119669458988,-833.2855000000001
Drought(Moderate)+Energy(Optimistic)+Cyber(Pessimistic),drought:Moderate|energy:Optimistic|cyber:Pessimistic,3,1,1,1,43.57878464426368,1.5682031348714294,-1183.9920000000002
Drought(Moderate)+Energy(Moderate)+Cyber(Optimistic),drought:Moderate|energy:Moderate|cyber:Optimistic,3,1,2,0,28.309363612941233,0.6592640579116213,-769.1371000000004
Drought(Moderate)+Energy(Moderate)+Cyber(Moderate),drought:Moderate|energy:Moderate|cyber:Moderate,3,0,3,0,33.07123928006183,0.8293119669458988,-898.5124999999999
Drought(Moderate)+Energy(Moderate)+Cyber(Pessimistic),drought:Moderate|energy:Moderate|cyber:Pessimistic,3,0,2,1,45.853215061283095,1.5682031348714294,-1245.7860000000003
Drought(Moderate)+Energy(Pessimistic)+Cyber(Optimistic),drought:Moderate|energy:Pessimistic|cyber:Optimistic,3,1,1,1,32.06217380102322,0.6592640579116213,-871.0972000000002
Drought(Moderate)+Energy(Pessimistic)+Cyber(Moderate),drought:Moderate|energy:Pessimistic|cyber:Moderate,3,0,2,1,36.67242077367589,0.8293119669458988,-996.353
Drought(Moderate)+Energy(Pessimistic)+Cyber(Pessimistic),drought:Moderate|energy:Pessimistic|cyber:Pessimistic,3,0,1,2,49.26486068681218,1.5682031348714294,-1338.477
Drought(Pessimistic)+Energy(Optimistic)+Cyber(Optimistic),drought:Pessimistic|energy:Optimistic|cyber:Optimistic,3,2,0,1,35.49805660863484,1.1415022863491087,-964.4466999999999
Drought(Pessimistic)+Energy(Optimistic)+Cyber(Moderate),drought:Pessimistic|energy:Optimistic|cyber:Moderate,3,1,1,1,39.85098825867717,1.369483248438893,-1082.7115000000003
Drought(Pessimistic)+Energy(Optimistic)+Cyber(Pessimistic),drought:Pessimistic|energy:Optimistic|cyber:Pessimistic,3,1,0,2,51.2292318451176,2.3951112153927463,-1391.847
Drought(Pessimistic)+Energy(Moderate)+Cyber(Optimistic),drought:Pessimistic|energy:Moderate|cyber:Optimistic,3,1,1,1,37.99993006735617,1.1415022863491087,-1032.4200999999998
Drought(Pessimistic)+Energy(Moderate)+Cyber(Moderate),drought:Pessimistic|energy:Moderate|cyber:Moderate,3,0,2,1,42.25177592108653,1.369483248438893,-1147.9385000000002
Drought(Pessimistic)+Energy(Moderate)+Cyber(Pessimistic),drought:Pessimistic|energy:Moderate|cyber:Pessimistic,3,0,1,2,53.50366226213699,2.3951112153927463,-1453.641
Drought(Pessimistic)+Energy(Pessimistic)+Cyber(Optimistic),drought:Pessimistic|energy:Pessimistic|cyber:Optimistic,3,1,0,2,41.752740255438184,1.1415022863491087,-1134.3802
Drought(Pessimistic)+Energy(Pessimistic)+Cyber(Moderate),drought:Pessimistic|energy:Pessimistic|cyber:Moderate,3,0,1,2,45.852957414700576,1.369483248438893,-1245.779
Drought(Pessimistic)+Energy(Pessimistic)+Cyber(Pessimistic),drought:Pessimistic|energy:Pessimistic|cyber:Pessimistic,3,0,0,3,56.915307887666096,2.3951112153927463,-1546.3320000000003
Drought(Optimistic)+Conflict(Optimistic)+Cyber(Optimistic),drought:Optimistic|conflict:Optimistic|cyber:Optimistic,3,3,0,0,27.63608892487763,0.5665426690769586,-659.2013082990499
Drought(Optimistic)+Conflict(Optimistic)+Cyber(Moderate),drought:Optimistic|conflict:Optimistic|cyber:Moderate,3,2,1,0,32.24609297360963,0.7197797147882963,-784.4505082990495
Drought(Optimistic)+Conflict(Optimistic)+Cyber(Pessimistic),drought:Optimistic|conflict:Optimistic|cyber:Pessimistic,3,2,0,1,44.572453899665064,1.3705730861168204,-1119.3454082990497
Drought(Optimistic)+Conflict(Moderate)+Cyber(Optimistic),drought:Optimistic|conflict:Moderate|cyber:Optimistic,3,2,1,0,40.406190879310984,0.8061586316854663,-806.2025536787943
Drought(Optimistic)+Conflict(Moderate)+Cyber(Moderate),drought:Optimistic|conflict:Moderate|cyber:Moderate,3,1,2,0,44.20266480179616,0.9783776928834282,-909.3489536787943
Drought(Optimistic)+Conflict(Moderate)+Cyber(Pessimistic),drought:Optimistic|conflict:Moderate|cyber:Pessimistic,3,1,1,1,54.353785564430055,1.7097871436711,-1185.1447536787946
Drought(Optimistic)+Conflict(Pessimistic)+Cyber(Optimistic),drought:Optimistic|conflict:Pessimistic|cyber:Optimistic,3,2,0,1,65.9463947881777,1.8840375332525074,-1139.0841439477772
Drought(Optimistic)+Conflict(Pessimistic)+Cyber(Moderate),drought:Optimistic|conflict:Pessimistic|cyber:Moderate,3,1,1,1,68.11580845816923,2.1416445368042076,-1198.024943947777
Drought(Optimistic)+Conflict(Pessimistic)+Cyber(Pessimistic),drought:Optimistic|conflict:Pessimistic|cyber:Pessimistic,3,1,0,2,73.91644889396002,3.2356941482477772,-1355.622543947777
Drought(Moderate)+Conflict(Optimistic)+Cyber(Optimistic),drought:Moderate|conflict:Optimistic|cyber:Optimistic,3,2,1,0,35.87307041113034,0.9382857819228148,-882.9918582990497
Drought(Moderate)+Conflict(Optimistic)+Cyber(Moderate),drought:Moderate|conflict:Optimistic|cyber:Moderate,3,1,2,0,40.04954911848062,1.131740285494751,-996.4626082990497
Drought(Moderate)+Conflict(Optimistic)+Cyber(Pessimistic),drought:Moderate|conflict:Optimistic|cyber:Pessimistic,3,1,1,1,51.07533402039089,1.9723376494759137,-1296.0221582990498
Drought(Moderate)+Conflict(Moderate)+Cyber(Optimistic),drought:Moderate|conflict:Moderate|cyber:Optimistic,3,1,2,0,47.18958739740146,1.223950880315227,-990.5006536787945
Drought(Moderate)+Conflict(Moderate)+Cyber(Moderate),drought:Moderate|conflict:Moderate|cyber:Moderate,3,0,3,0,50.62904045051346,1.4413692782947678,-1083.9471536787944
Drought(Moderate)+Conflict(Moderate)+Cyber(Pessimistic),drought:Moderate|conflict:Moderate|cyber:Pessimistic,3,0,2,1,59.7090986050278,2.3860944144281246,-1330.6432536787945
Drought(Moderate)+Conflict(Pessimistic)+Cyber(Optimistic),drought:Moderate|conflict:Pessimistic|cyber:Optimistic,3,1,1,1,69.82262136994369,2.50897538001574,-1244.3973439477772
Drought(Moderate)+Conflict(Pessimistic)+Cyber(Moderate),drought:Moderate|conflict:Pessimistic|cyber:Moderate,3,0,2,1,71.78802311457912,2.8341920060437946,-1297.7953439477772
Drought(Moderate)+Conflict(Pessimistic)+Cyber(Pessimistic),drought:Moderate|conflict:Pessimistic|cyber:Pessimistic,3,0,1,2,76.97662777430159,4.247321364701372,-1438.7645439477774
Drought(Pessimistic)+Conflict(Optimistic)+Cyber(Optimistic),drought:Pessimistic|conflict:Optimistic|cyber:Optimistic,3,2,0,1,44.11005189738305,1.486902684156992,-1106.7824082990496
Drought(Pessimistic)+Conflict(Optimistic)+Cyber(Moderate),drought:Pessimistic|conflict:Optimistic|cyber:Moderate,3,1,1,1,47.853005263351605,1.7462645551461937,-1208.4747082990498
Drought(Pessimistic)+Conflict(Optimistic)+Cyber(Pessimistic),drought:Pessimistic|conflict:Optimistic|cyber:Pessimistic,3,1,0,2,57.578214141116725,2.9130671951983986,-1472.6989082990497
Drought(Pessimistic)+Conflict(Moderate)+Cyber(Optimistic),drought:Pessimistic|conflict:Moderate|cyber:Optimistic,3,1,1,1,53.97298391549194,1.8405269009603014,-1174.7987536787946
Drought(Pessimistic)+Conflict(Moderate)+Cyber(Moderate),drought:Pessimistic|conflict:Moderate|cyber:Moderate,3,0,2,1,57.05541609923075,2.1320168453465262,-1258.5453536787945
Drought(Pessimistic)+Conflict(Moderate)+Cyber(Pessimistic),drought:Pessimistic|conflict:Moderate|cyber:Pessimistic,3,0,1,2,65.06441164562553,3.443355460237523,-1476.1417536787944
Drought(Pessimistic)+Conflict(Pessimistic)+Cyber(Optimistic),drought:Pessimistic|conflict:Pessimistic|cyber:Optimistic,3,1,0,2,73.69884795170967,3.431255991902434,-1349.7105439477773
Drought(Pessimistic)+Conflict(Pessimistic)+Cyber(Moderate),drought:Pessimistic|conflict:Pessimistic|cyber:Moderate,3,0,1,2,75.460237770989,3.867269581899147,-1397.5657439477773
Drought(Pessimistic)+Conflict(Pessimistic)+Cyber(Pessimistic),drought:Pessimistic|conflict:Pessimistic|cyber:Pessimistic,3,0,0,3,80.03680665464316,5.828783068698389,-1521.9065439477772
Energy(Optimistic)+Conflict(Optimistic)+Cyber(Optimistic),energy:Optimistic|conflict:Optimistic|cyber:Optimistic,3,3,0,0,20.462403658581486,0.2980115822249654,-464.29945329904996
Energy(Optimistic)+Conflict(Optimistic)+Cyber(Moderate),energy:Optimistic|conflict:Optimistic|cyber:Moderate,3,2,1,0,25.462971585262625,0.4243985568478552,-600.1598832990499
Energy(Optimistic)+Conflict(Optimistic)+Cyber(Pessimistic),energy:Optimistic|conflict:Optimistic|cyber:Pessimistic,3,2,0,1,39.036206706172486,0.9525365925548439,-968.9311082990497
Energy(Optimistic)+Conflict(Moderate)+Cyber(Optimistic),energy:Optimistic|conflict:Moderate|cyber:Optimistic,3,2,1,0,34.498450071772986,0.504363648198018,-645.6951436787945
Energy(Optimistic)+Conflict(Moderate)+Cyber(Moderate),energy:Optimistic|conflict:Moderate|cyber:Moderate,3,1,2,0,38.61656483492215,0.6464066249218516,-757.5802036787945
Energy(Optimistic)+Conflict(Moderate)+Cyber(Pessimistic),energy:Optimistic|conflict:Moderate|cyber:Pessimistic,3,1,1,1,49.7945231697891,1.239966989324411,-1061.2741536787946
Energy(Optimistic)+Conflict(Pessimistic)+Cyber(Optimistic),energy:Optimistic|conflict:Pessimistic|cyber:Optimistic,3,2,0,1,62.570542898155985,1.432609562142093,-1047.3656239477773
Energy(Optimistic)+Conflict(Pessimistic)+Cyber(Moderate),energy:Optimistic|conflict:Pessimistic|cyber:Moderate,3,1,1,1,64.92375133424123,1.6450788750907328,-1111.2999439477771
Energy(Optimistic)+Conflict(Pessimistic)+Cyber(Pessimistic),energy:Optimistic|conflict:Pessimistic|cyber:Pessimistic,3,1,0,2,71.31115609702233,2.5329324369275206,-1284.8393439477773
Energy(Moderate)+Conflict(Optimistic)+Cyber(Optimistic),energy:Moderate|conflict:Optimistic|cyber:Optimistic,3,2,1,0,22.58899609849461,0.2980115822249654,-522.0768432990496
Energy(Moderate)+Conflict(Optimistic)+Cyber(Moderate),energy:Moderate|conflict:Optimistic|cyber:Moderate,3,1,2,0,27.50364109831059,0.4243985568478552,-655.6028332990497
Energy(Moderate)+Conflict(Optimistic)+Cyber(Pessimistic),energy:Moderate|conflict:Optimistic|cyber:Pessimistic,3,1,1,1,40.96947256063896,0.9525365925548439,-1021.4560082990496
Energy(Moderate)+Conflict(Moderate)+Cyber(Optimistic),energy:Moderate|conflict:Moderate|cyber:Optimistic,3,1,2,0,36.24976149287791,0.504363648198018,-693.2765236787943
Energy(Moderate)+Conflict(Moderate)+Cyber(Moderate),energy:Moderate|conflict:Moderate|cyber:Moderate,3,0,3,0,40.29711619860871,0.6464066249218516,-803.2391036787944
Energy(Moderate)+Conflict(Moderate)+Cyber(Pessimistic),energy:Moderate|conflict:Moderate|cyber:Pessimistic,3,0,2,1,51.38662446170269,1.239966989324411,-1104.5299536787945
Energy(Moderate)+Conflict(Pessimistic)+Cyber(Optimistic),energy:Moderate|conflict:Pessimistic|cyber:Optimistic,3,1,1,1,63.57129228164451,1.432609562142093,-1074.5549839477771
Energy(Moderate)+Conflict(Pessimistic)+Cyber(Moderate),energy:Moderate|conflict:Pessimistic|cyber:Moderate,3,0,2,1,65.88406639920497,1.6450788750907328,-1137.390743947777
Energy(Moderate)+Conflict(Pessimistic)+Cyber(Pessimistic),energy:Moderate|conflict:Pessimistic|cyber:Pessimistic,3,0,1,2,72.2209282638301,2.5329324369275206,-1309.5569439477772
Energy(Pessimistic)+Conflict(Optimistic)+Cyber(Optimistic),energy:Pessimistic|conflict:Optimistic|cyber:Optimistic,3,2,0,1,25.778884758364324,0.2980115822249654,-608.7429282990497
Energy(Pessimistic)+Conflict(Optimistic)+Cyber(Moderate),energy:Pessimistic|conflict:Optimistic|cyber:Moderate,3,1,1,1,30.56464536788251,0.4243985568478552,-738.7672582990497
Energy(Pessimistic)+Conflict(Optimistic)+Cyber(Pessimistic),energy:Pessimistic|conflict:Optimistic|cyber:Pessimistic,3,1,0,2,43.86937134233869,0.9525365925548439,-1100.2433582990498
Energy(Pessimistic)+Conflict(Moderate)+Cyber(Optimistic),energy:Pessimistic|conflict:Moderate|cyber:Optimistic,3,1,1,1,38.87672862453532,0.504363648198018,-764.6485936787944
Energy(Pessimistic)+Conflict(Moderate)+Cyber(Moderate),energy:Pessimistic|conflict:Moderate|cyber:Moderate,3,0,2,1,42.81794324413853,0.6464066249218516,-871.7274536787945
Energy(Pessimistic)+Conflict(Moderate)+Cyber(Pessimistic),energy:Pessimistic|conflict:Moderate|cyber:Pessimistic,3,0,1,2,53.77477639957305,1.239966989324411,-1169.4136536787946
Energy(Pessimistic)+Conflict(Pessimistic)+Cyber(Optimistic),energy:Pessimistic|conflict:Pessimistic|cyber:Optimistic,3,1,0,2,65.07241635687731,1.432609562142093,-1115.3390239477772
Energy(Pessimistic)+Conflict(Pessimistic)+Cyber(Moderate),energy:Pessimistic|conflict:Pessimistic|cyber:Moderate,3,0,1,2,67.3245389966506,1.6450788750907328,-1176.5269439477772
Energy(Pessimistic)+Conflict(Pessimistic)+Cyber(Pessimistic),energy:Pessimistic|conflict:Pessimistic|cyber:Pessimistic,3,0,0,3,73.58558651404174,2.5329324369275206,-1346.6333439477771
Drought(Optimistic)+Energy(Optimistic)+Conflict(Optimistic)+Cyber(Optimistic),drought:Optimistic|energy:Optimistic|conflict:Optimistic|cyber:Optimistic,4,4,0,0,28.6993851448342,0.5665426690769586,-688.0900032990498
Drought(Optimistic)+Energy(Optimistic)+Conflict(Optimistic)+Cyber(Moderate),drought:Optimistic|energy:Optimistic|conflict:Optimistic|cyber:Moderate,4,3,1,0,33.266427730133614,0.7197797147882963,-812.1719832990495
Drought(Optimistic)+Energy(Optimistic)+Conflict(Optimistic)+Cyber(Pessimistic),drought:Optimistic|energy:Optimistic|conflict:Optimistic|cyber:Pessimistic,4,3,0,1,45.539086826898306,1.3705730861168204,-1145.60785829905
Drought(Optimistic)+Energy(Optimistic)+Conflict(Moderate)+Cyber(Optimistic),drought:Optimistic|energy:Optimistic|conflict:Moderate|cyber:Optimistic,4,3,1,0,41.281846589863456,0.8061586316854663,-829.9932436787947
Drought(Optimistic)+Energy(Optimistic)+Conflict(Moderate)+Cyber(Moderate),drought:Optimistic|energy:Optimistic|conflict:Moderate|cyber:Moderate,4,2,2,0,45.04294048363944,0.9783776928834282,-932.1784036787944
Drought(Optimistic)+Energy(Optimistic)+Conflict(Moderate)+Cyber(Pessimistic),drought:Optimistic|energy:Optimistic|conflict:Moderate|cyber:Pessimistic,4,2,1,1,55.149836210386844,1.7097871436711,-1206.7726536787945
Drought(Optimistic)+Energy(Optimistic)+Conflict(Pessimistic)+Cyber(Optimistic),drought:Optimistic|energy:Optimistic|conflict:Pessimistic|cyber:Optimistic,4,3,0,1,66.44676947992197,1.8840375332525074,-1152.6788239477773
Drought(Optimistic)+Energy(Optimistic)+Conflict(Pessimistic)+Cyber(Moderate),drought:Optimistic|energy:Optimistic|conflict:Pessimistic|cyber:Moderate,4,2,1,1,68.5959659906511,2.1416445368042076,-1211.070343947777
Drought(Optimistic)+Energy(Optimistic)+Conflict(Pessimistic)+Cyber(Pessimistic),drought:Optimistic|energy:Optimistic|conflict:Pessimistic|cyber:Pessimistic,4,2,0,2,74.3713349773639,3.2356941482477772,-1367.9813439477775
Drought(Optimistic)+Energy(Moderate)+Conflict(Optimistic)+Cyber(Optimistic),drought:Optimistic|energy:Moderate|conflict:Optimistic|cyber:Optimistic,4,3,1,0,30.825977584747324,0.5665426690769586,-745.8673932990497
Drought(Optimistic)+Energy(Moderate)+Conflict(Optimistic)+Cyber(Moderate),drought:Optimistic|energy:Moderate|conflict:Optimistic|cyber:Moderate,4,2,2,0,35.307097243181566,0.7197797147882963,-867.6149332990494
Drought(Optimistic)+Energy(Moderate)+Conflict(Optimistic)+Cyber(Pessimistic),drought:Optimistic|energy:Moderate|conflict:Optimistic|cyber:Pessimistic,4,2,1,1,47.47235268136478,1.3705730861168204,-1198.1327582990498
Drought(Optimistic)+Energy(Moderate)+Conflict(Moderate)+Cyber(Optimistic),drought:Optimistic|energy:Moderate|conflict:Moderate|cyber:Optimistic,4,2,2,0,43.0331580109684,0.8061586316854663,-877.5746236787945
Drought(Optimistic)+Energy(Moderate)+Conflict(Moderate)+Cyber(Moderate),drought:Optimistic|energy:Moderate|conflict:Moderate|cyber:Moderate,4,1,3,0,46.723491847326,0.9783776928834282,-977.8373036787942
Drought(Optimistic)+Energy(Moderate)+Conflict(Moderate)+Cyber(Pessimistic),drought:Optimistic|energy:Moderate|conflict:Moderate|cyber:Pessimistic,4,1,2,1,56.741937502300416,1.7097871436711,-1250.0284536787944
Drought(Optimistic)+Energy(Moderate)+Conflict(Pessimistic)+Cyber(Optimistic),drought:Optimistic|energy:Moderate|conflict:Pessimistic|cyber:Optimistic,4,2,1,1,67.4475188634105,1.8840375332525074,-1179.8681839477772
Drought(Optimistic)+Energy(Moderate)+Conflict(Pessimistic)+Cyber(Moderate),drought:Optimistic|energy:Moderate|conflict:Pessimistic|cyber:Moderate,4,1,2,1,69.55628105561483,2.1416445368042076,-1237.161143947777
Drought(Optimistic)+Energy(Moderate)+Conflict(Pessimistic)+Cyber(Pessimistic),drought:Optimistic|energy:Moderate|conflict:Pessimistic|cyber:Pessimistic,4,1,1,2,75.28110714417166,3.2356941482477772,-1392.6989439477775
Drought(Optimistic)+Energy(Pessimistic)+Conflict(Optimistic)+Cyber(Optimistic),drought:Optimistic|energy:Pessimistic|conflict:Optimistic|cyber:Optimistic,4,3,0,1,34.01586624461704,0.5665426690769586,-832.5334782990496
Drought(Optimistic)+Energy(Pessimistic)+Conflict(Optimistic)+Cyber(Moderate),drought:Optimistic|energy:Pessimistic|conflict:Optimistic|cyber:Moderate,4,2,1,1,38.3681015127535,0.7197797147882963,-950.7793582990494
Drought(Optimistic)+Energy(Pessimistic)+Conflict(Optimistic)+Cyber(Pessimistic),drought:Optimistic|energy:Pessimistic|conflict:Optimistic|cyber:Pessimistic,4,2,0,2,50.37225146306453,1.3705730861168204,-1276.9201082990498
Drought(Optimistic)+Energy(Pessimistic)+Conflict(Moderate)+Cyber(Optimistic),drought:Optimistic|energy:Pessimistic|conflict:Moderate|cyber:Optimistic,4,2,1,1,45.6601251426258,0.8061586316854663,-948.9466936787946
Drought(Optimistic)+Energy(Pessimistic)+Conflict(Moderate)+Cyber(Moderate),drought:Optimistic|energy:Pessimistic|conflict:Moderate|cyber:Moderate,4,1,2,1,49.24431889285583,0.9783776928834282,-1046.3256536787944
Drought(Optimistic)+Energy(Pessimistic)+Conflict(Moderate)+Cyber(Pessimistic),drought:Optimistic|energy:Pessimistic|conflict:Moderate|cyber:Pessimistic,4,1,1,2,59.13008944017079,1.7097871436711,-1314.9121536787945
Drought(Optimistic)+Energy(Pessimistic)+Conflict(Pessimistic)+Cyber(Optimistic),drought:Optimistic|energy:Pessimistic|conflict:Pessimistic|cyber:Optimistic,4,2,0,2,68.9486429386433,1.8840375332525074,-1220.6522239477772
Drought(Optimistic)+Energy(Pessimistic)+Conflict(Pessimistic)+Cyber(Moderate),drought:Optimistic|energy:Pessimistic|conflict:Pessimistic|cyber:Moderate,4,1,1,2,70.99675365306045,2.1416445368042076,-1276.2973439477773
Drought(Optimistic)+Energy(Pessimistic)+Conflict(Pessimistic)+Cyber(Pessimistic),drought:Optimistic|energy:Pessimistic|conflict:Pessimistic|cyber:Pessimistic,4,1,0,3,76.64576539438329,3.2356941482477772,-1429.7753439477774
Drought(Moderate)+Energy(Optimistic)+Conflict(Optimistic)+Cyber(Optimistic),drought:Moderate|energy:Optimistic|conflict:Optimistic|cyber:Optimistic,4,3,1,0,36.93636663108692,0.9382857819228148,-911.8805532990498
Drought(Moderate)+Energy(Optimistic)+Conflict(Optimistic)+Cyber(Moderate),drought:Moderate|energy:Optimistic|conflict:Optimistic|cyber:Moderate,4,2,2,0,41.0698838750046,1.131740285494751,-1024.1840832990497
Drought(Moderate)+Energy(Optimistic)+Conflict(Optimistic)+Cyber(Pessimistic),drought:Moderate|energy:Optimistic|conflict:Optimistic|cyber:Pessimistic,4,2,1,1,52.04196694762413,1.9723376494759137,-1322.2846082990495
Drought(Moderate)+Energy(Optimistic)+Conflict(Moderate)+Cyber(Optimistic),drought:Moderate|energy:Optimistic|conflict:Moderate|cyber:Optimistic,4,2,2,0,48.065243107953926,1.223950880315227,-1014.2913436787948
Drought(Moderate)+Energy(Optimistic)+Conflict(Moderate)+Cyber(Moderate),drought:Moderate|energy:Optimistic|conflict:Moderate|cyber:Moderate,4,1,3,0,51.46931613235673,1.4413692782947678,-1106.7766036787943
Drought(Moderate)+Energy(Optimistic)+Conflict(Moderate)+Cyber(Pessimistic),drought:Moderate|energy:Optimistic|conflict:Moderate|cyber:Pessimistic,4,1,2,1,60.50514925098458,2.3860944144281246,-1352.2711536787947
Drought(Moderate)+Energy(Optimistic)+Conflict(Pessimistic)+Cyber(Optimistic),drought:Moderate|energy:Optimistic|conflict:Pessimistic|cyber:Optimistic,4,2,1,1,70.32299606168796,2.50897538001574,-1257.9920239477774
Drought(Moderate)+Energy(Optimistic)+Conflict(Pessimistic)+Cyber(Moderate),drought:Moderate|energy:Optimistic|conflict:Pessimistic|cyber:Moderate,4,1,2,1,72.26818064706099,2.8341920060437946,-1310.8407439477774
Drought(Moderate)+Energy(Optimistic)+Conflict(Pessimistic)+Cyber(Pessimistic),drought:Moderate|energy:Optimistic|conflict:Pessimistic|cyber:Pessimistic,4,1,1,2,77.43151385770548,4.247321364701372,-1451.1233439477774
Drought(Moderate)+Energy(Moderate)+Conflict(Optimistic)+Cyber(Optimistic),drought:Moderate|energy:Moderate|conflict:Optimistic|cyber:Optimistic,4,2,2,0,39.06295907100004,0.9382857819228148,-969.6579432990496
Drought(Moderate)+Energy(Moderate)+Conflict(Optimistic)+Cyber(Moderate),drought:Moderate|energy:Moderate|conflict:Optimistic|cyber:Moderate,4,1,3,0,43.11055338805257,1.131740285494751,-1079.6270332990498
Drought(Moderate)+Energy(Moderate)+Conflict(Optimistic)+Cyber(Pessimistic),drought:Moderate|energy:Moderate|conflict:Optimistic|cyber:Pessimistic,4,1,2,1,53.97523280209062,1.9723376494759137,-1374.8095082990496
Drought(Moderate)+Energy(Moderate)+Conflict(Moderate)+Cyber(Optimistic),drought:Moderate|energy:Moderate|conflict:Moderate|cyber:Optimistic,4,1,3,0,49.816554529058855,1.223950880315227,-1061.8727236787945
Drought(Moderate)+Energy(Moderate)+Conflict(Moderate)+Cyber(Moderate),drought:Moderate|energy:Moderate|conflict:Moderate|cyber:Moderate,4,0,4,0,53.149867496043285,1.4413692782947678,-1152.4355036787942
Drought(Moderate)+Energy(Moderate)+Conflict(Moderate)+Cyber(Pessimistic),drought:Moderate|energy:Moderate|conflict:Moderate|cyber:Pessimistic,4,0,3,1,62.09725054289816,2.3860944144281246,-1395.5269536787948
Drought(Moderate)+Energy(Moderate)+Conflict(Pessimistic)+Cyber(Optimistic),drought:Moderate|energy:Moderate|conflict:Pessimistic|cyber:Optimistic,4,1,2,1,71.32374544517648,2.50897538001574,-1285.1813839477772
Drought(Moderate)+Energy(Moderate)+Conflict(Pessimistic)+Cyber(Moderate),drought:Moderate|energy:Moderate|conflict:Pessimistic|cyber:Moderate,4,0,3,1,73.22849571202474,2.8341920060437946,-1336.9315439477773
Drought(Moderate)+Energy(Moderate)+Conflict(Pessimistic)+Cyber(Pessimistic),drought:Moderate|energy:Moderate|conflict:Pessimistic|cyber:Pessimistic,4,0,2,2,78.34128602451322,4.247321364701372,-1475.8409439477773
Drought(Moderate)+Energy(Pessimistic)+Conflict(Optimistic)+Cyber(Optimistic),drought:Moderate|energy:Pessimistic|conflict:Optimistic|cyber:Optimistic,4,2,1,1,42.252847730869746,0.9382857819228148,-1056.3240282990496
Drought(Moderate)+Energy(Pessimistic)+Conflict(Optimistic)+Cyber(Moderate),drought:Moderate|energy:Pessimistic|conflict:Optimistic|cyber:Moderate,4,1,2,1,46.17155765762449,1.131740285494751,-1162.7914582990497
Drought(Moderate)+Energy(Pessimistic)+Conflict(Optimistic)+Cyber(Pessimistic),drought:Moderate|energy:Pessimistic|conflict:Optimistic|cyber:Pessimistic,4,1,1,2,56.87513158379035,1.9723376494759137,-1453.5968582990495
Drought(Moderate)+Energy(Pessimistic)+Conflict(Moderate)+Cyber(Optimistic),drought:Moderate|energy:Pessimistic|conflict:Moderate|cyber:Optimistic,4,1,2,1,52.443521660716264,1.223950880315227,-1133.2447936787948
Drought(Moderate)+Energy(Pessimistic)+Conflict(Moderate)+Cyber(Moderate),drought:Moderate|energy:Pessimistic|conflict:Moderate|cyber:Moderate,4,0,3,1,55.67069454157311,1.4413692782947678,-1220.9238536787943
Drought(Moderate)+Energy(Pessimistic)+Conflict(Moderate)+Cyber(Pessimistic),drought:Moderate|energy:Pessimistic|conflict:Moderate|cyber:Pessimistic,4,0,2,2,64.48540248076853,2.3860944144281246,-1460.4106536787945
Drought(Moderate)+Energy(Pessimistic)+Conflict(Pessimistic)+Cyber(Optimistic),drought:Moderate|energy:Pessimistic|conflict:Pessimistic|cyber:Optimistic,4,1,1,2,72.8248695204093,2.50897538001574,-1325.9654239477773
Drought(Moderate)+Energy(Pessimistic)+Conflict(Pessimistic)+Cyber(Moderate),drought:Moderate|energy:Pessimistic|conflict:Pessimistic|cyber:Moderate,4,0,2,2,74.66896830947034,2.8341920060437946,-1376.0677439477772
Drought(Moderate)+Energy(Pessimistic)+Conflict(Pessimistic)+Cyber(Pessimistic),drought:Moderate|energy:Pessimistic|conflict:Pessimistic|cyber:Pessimistic,4,0,1,3,79.70594427472486,4.247321364701372,-1512.9173439477772
Drought(Pessimistic)+Energy(Optimistic)+Conflict(Optimistic)+Cyber(Optimistic),drought:Pessimistic|energy:Optimistic|conflict:Optimistic|cyber:Optimistic,4,3,0,1,45.17334811733962,1.486902684156992,-1135.67110329905
Drought(Pessimistic)+Energy(Optimistic)+Conflict(Optimistic)+Cyber(Moderate),drought:Pessimistic|energy:Optimistic|conflict:Optimistic|cyber:Moderate,4,2,1,1,48.87334001987559,1.7462645551461937,-1236.1961832990496
Drought(Pessimistic)+Energy(Optimistic)+Conflict(Optimistic)+Cyber(Pessimistic),drought:Pessimistic|energy:Optimistic|conflict:Optimistic|cyber:Pessimistic,4,2,0,2,58.544847068349966,2.9130671951983986,-1498.9613582990498
Drought(Pessimistic)+Energy(Optimistic)+Conflict(Moderate)+Cyber(Optimistic),drought:Pessimistic|energy:Optimistic|conflict:Moderate|cyber:Optimistic,4,2,1,1,54.84863962604439,1.8405269009603014,-1198.5894436787944
Drought(Pessimistic)+Energy(Optimistic)+Conflict(Moderate)+Cyber(Moderate),drought:Pessimistic|energy:Optimistic|conflict:Moderate|cyber:Moderate,4,1,2,1,57.89569178107403,2.1320168453465262,-1281.3748036787947
Drought(Pessimistic)+Energy(Optimistic)+Conflict(Moderate)+Cyber(Pessimistic),drought:Pessimistic|energy:Optimistic|conflict:Moderate|cyber:Pessimistic,4,1,1,2,65.86046229158232,3.443355460237523,-1497.7696536787944
Drought(Pessimistic)+Energy(Optimistic)+Conflict(Pessimistic)+Cyber(Optimistic),drought:Pessimistic|energy:Optimistic|conflict:Pessimistic|cyber:Optimistic,4,2,0,2,74.19922264345394,3.431255991902434,-1363.3052239477774
Drought(Pessimistic)+Energy(Optimistic)+Conflict(Pessimistic)+Cyber(Moderate),drought:Pessimistic|energy:Optimistic|conflict:Pessimistic|cyber:Moderate,4,1,1,2,75.94039530347086,3.867269581899147,-1410.6111439477775
Drought(Pessimistic)+Energy(Optimistic)+Conflict(Pessimistic)+Cyber(Pessimistic),drought:Pessimistic|energy:Optimistic|conflict:Pessimistic|cyber:Pessimistic,4,1,0,3,80.49169273804704,5.828783068698389,-1534.2653439477772
Drought(Pessimistic)+Energy(Moderate)+Conflict(Optimistic)+Cyber(Optimistic),drought:Pessimistic|energy:Moderate|conflict:Optimistic|cyber:Optimistic,4,2,1,1,47.29994055725275,1.486902684156992,-1193.44849329905
Drought(Pessimistic)+Energy(Moderate)+Conflict(Optimistic)+Cyber(Moderate),drought:Pessimistic|energy:Moderate|conflict:Optimistic|cyber:Moderate,4,1,2,1,50.91400953292355,1.7462645551461937,-1291.6391332990497
Drought(Pessimistic)+Energy(Moderate)+Conflict(Optimistic)+Cyber(Pessimistic),drought:Pessimistic|energy:Moderate|conflict:Optimistic|cyber:Pessimistic,4,1,1,2,60.47811292281645,2.9130671951983986,-1551.48625829905
Drought(Pessimistic)+Energy(Moderate)+Conflict(Moderate)+Cyber(Optimistic),drought:Pessimistic|energy:Moderate|conflict:Moderate|cyber:Optimistic,4,1,2,1,56.599951047149325,1.8405269009603014,-1246.1708236787945
Drought(Pessimistic)+Energy(Moderate)+Conflict(Moderate)+Cyber(Moderate),drought:Pessimistic|energy:Moderate|conflict:Moderate|cyber:Moderate,4,0,3,1,59.576243144760575,2.1320168453465262,-1327.0337036787944
Drought(Pessimistic)+Energy(Moderate)+Conflict(Moderate)+Cyber(Pessimistic),drought:Pessimistic|energy:Moderate|conflict:Moderate|cyber:Pessimistic,4,0,2,2,67.45256358349589,3.443355460237523,-1541.0254536787945
Drought(Pessimistic)+Energy(Moderate)+Conflict(Pessimistic)+Cyber(Optimistic),drought:Pessimistic|energy:Moderate|conflict:Pessimistic|cyber:Optimistic,4,1,1,2,75.19997202694248,3.431255991902434,-1390.4945839477773
Drought(Pessimistic)+Energy(Moderate)+Conflict(Pessimistic)+Cyber(Moderate),drought:Pessimistic|energy:Moderate|conflict:Pessimistic|cyber:Moderate,4,0,2,2,76.90071036843462,3.867269581899147,-1436.7019439477774
Drought(Pessimistic)+Energy(Moderate)+Conflict(Pessimistic)+Cyber(Pessimistic),drought:Pessimistic|energy:Moderate|conflict:Pessimistic|cyber:Pessimistic,4,0,1,3,81.40146490485479,5.828783068698389,-1558.9829439477774
Drought(Pessimistic)+Energy(Pessimistic)+Conflict(Optimistic)+Cyber(Optimistic),drought:Pessimistic|energy:Pessimistic|conflict:Optimistic|cyber:Optimistic,4,2,0,2,50.489829217122455,1.486902684156992,-1280.1145782990498
Drought(Pessimistic)+Energy(Pessimistic)+Conflict(Optimistic)+Cyber(Moderate),drought:Pessimistic|energy:Pessimistic|conflict:Optimistic|cyber:Moderate,4,1,1,2,53.97501380249549,1.7462645551461937,-1374.8035582990497
Drought(Pessimistic)+Energy(Pessimistic)+Conflict(Optimistic)+Cyber(Pessimistic),drought:Pessimistic|energy:Pessimistic|conflict:Optimistic|cyber:Pessimistic,4,1,0,3,63.37801170451616,2.9130671951983986,-1630.2736082990498
Drought(Pessimistic)+Energy(Pessimistic)+Conflict(Moderate)+Cyber(Optimistic),drought:Pessimistic|energy:Pessimistic|conflict:Moderate|cyber:Optimistic,4,1,1,2,59.22691817880673,1.8405269009603014,-1317.5428936787944
Drought(Pessimistic)+Energy(Pessimistic)+Conflict(Moderate)+Cyber(Moderate),drought:Pessimistic|energy:Pessimistic|conflict:Moderate|cyber:Moderate,4,0,2,2,62.09707019029041,2.1320168453465262,-1395.5220536787947
Drought(Pessimistic)+Energy(Pessimistic)+Conflict(Moderate)+Cyber(Pessimistic),drought:Pessimistic|energy:Pessimistic|conflict:Moderate|cyber:Pessimistic,4,0,1,3,69.84071552136626,3.443355460237523,-1605.9091536787948
Drought(Pessimistic)+Energy(Pessimistic)+Conflict(Pessimistic)+Cyber(Optimistic),drought:Pessimistic|energy:Pessimistic|conflict:Pessimistic|cyber:Optimistic,4,1,0,3,76.70109610217527,3.431255991902434,-1431.2786239477775
Drought(Pessimistic)+Energy(Pessimistic)+Conflict(Pessimistic)+Cyber(Moderate),drought:Pessimistic|energy:Pessimistic|conflict:Pessimistic|cyber:Moderate,4,0,1,3,78.34118296588022,3.867269581899147,-1475.838143947777
Drought(Pessimistic)+Energy(Pessimistic)+Conflict(Pessimistic)+Cyber(Pessimistic),drought:Pessimistic|energy:Pessimistic|conflict:Pessimistic|cyber:Pessimistic,4,0,0,4,82.76612315506642,5.828783068698389,-1596.0593439477773
